FIPS,County,MedianIncome,MigraRate,BirthRate,DeathRate,BachelorRate,UnemploymentRate
17059,"Gallatin County, IL","38,126",-14.5,9.0,12.9,10.7,8.4
6103,"Tehama County, CA","38,577",-3.5,11.4,9.5,14.1,13.7
42047,"Elk County, PA","48,703",-3.0,9.7,12.4,15.4,7.0
47147,"Robertson County, TN","54,065",-4.5,14.3,9.4,16.9,7.0
39039,"Defiance County, OH","46,382",-6.5,11.6,9.8,16.3,7.7
30083,"Richland County, MT","56,492",56.0,13.8,10.9,17.3,2.8
46047,"Fall River County, SD","38,397",10.6,7.5,16.5,21.6,5.7
45013,"Beaufort County, SC","54,139",15.6,12.3,7.7,37.4,7.6
18119,"Owen County, IN","41,106",-6.5,10.5,9.6,10.7,10.8
48333,"Mills County, TX","39,396",-3.5,8.0,14.8,23.9,5.4
53005,"Benton County, WA","58,361",3.3,14.3,6.7,29.2,9.3
5097,"Montgomery County, AR","32,779",0.5,7.3,14.2,13.6,8.5
48297,"Live Oak County, TX","44,573",11.6,10.4,9.6,15.9,4.6
51141,"Patrick County, VA","33,818",4.5,8.8,13.3,11.2,9.1
54107,"Wood County, WV","42,065",-1.8,10.2,11.4,18.7,7.3
12103,"Pinellas County, FL","44,819",6.6,9.0,12.0,28.3,8.0
51077,"Grayson County, VA","32,611",-9.0,9.0,14.7,10.8,9.6
25015,"Hampshire County, MA","58,206",2.0,7.0,7.2,43.2,5.8
47043,"Dickson County, TN","43,501",2.6,11.4,10.1,13.5,8.3
48363,"Palo Pinto County, TX","40,817",-10.9,13.9,10.1,15.9,6.7
31077,"Greeley County, NE","40,744",-28.4,11.6,12.4,15.1,3.6
21043,"Carter County, KY","35,721",-0.7,12.2,10.7,11.1,12.5
28047,"Harrison County, MS","40,782",7.6,14.5,9.1,20.8,8.2
19193,"Woodbury County, IA","43,163",-10.0,15.3,9.2,21.3,5.2
18165,"Vermillion County, IN","42,709",-5.3,9.6,13.5,13.2,11.4
19141,"O'Brien County, IA","49,861",-1.8,10.8,13.3,19.5,3.8
46033,"Custer County, SD","49,902",-1.2,8.2,10.8,27.4,5.4
48209,"Hays County, TX","55,819",23.5,12.2,4.7,36.8,5.8
21229,"Washington County, KY","39,432",11.2,12.2,12.2,15.0,7.5
17097,"Lake County, IL","74,459",-4.8,11.5,6.0,42.7,8.1
29159,"Pettis County, MO","37,255",-0.5,13.7,9.4,16.7,7.1
28149,"Warren County, MS","38,911",-5.1,12.6,9.5,25.2,9.0
48467,"Van Zandt County, TX","42,563",-3.9,10.1,11.6,14.9,6.9
5053,"Grant County, AR","47,421",4.2,11.6,10.7,15.3,6.8
31093,"Howard County, NE","50,518",-0.5,11.6,10.3,18.7,3.6
19143,"Osceola County, IA","46,270",-19.2,10.1,9.3,14.4,4.1
13181,"Lincoln County, GA","36,396",-12.8,9.3,10.6,10.8,10.8
47127,"Moore County, TN","47,091",-6.6,7.6,10.7,13.9,5.8
21153,"Magoffin County, KY","28,069",-13.4,12.2,11.0,8.5,17.2
20143,"Ottawa County, KS","48,266",-0.7,8.6,14.1,19.9,5.4
22119,"Webster Parish, LA","36,000",-9.9,12.7,11.1,14.4,9.6
19119,"Lyon County, IA","54,695",3.3,12.7,10.2,19.6,3.0
47083,"Houston County, TN","37,311",11.9,8.0,13.3,11.0,11.2
42095,"Northampton County, PA","55,483",2.0,9.8,9.0,27.2,8.1
6081,"San Mateo County, CA","81,568",9.1,12.3,6.3,45.0,6.4
13313,"Whitfield County, GA","39,860",-5.7,13.8,7.6,14.3,10.6
5123,"St. Francis County, AR","32,932",-3.6,13.0,9.3,11.8,10.8
28039,"George County, MS","46,194",-3.1,15.7,10.0,11.1,10.2
51760,"Richmond city, VA","37,933",15.1,14.1,8.6,35.4,7.5
48245,"Jefferson County, TX","41,207",-11.9,13.3,9.1,18.0,11.1
41053,"Polk County, OR","49,636",0.4,11.9,8.3,28.9,8.9
8025,"Crowley County, CO","30,460",-76.7,7.4,8.3,10.5,8.1
5079,"Lincoln County, AR","36,222",-13.0,9.0,7.6,8.5,8.7
49043,"Summit County, UT","84,672",3.5,11.5,3.1,50.1,4.9
48489,"Willacy County, TX","29,225",-4.9,14.1,7.1,9.2,15.8
22057,"Lafourche Parish, LA","49,464",-2.7,12.7,8.8,15.1,5.3
1021,"Chilton County, AL","39,621",-3.9,12.9,11.3,13.5,7.2
29185,"St. Clair County, MO","31,503",-11.2,8.9,15.1,11.7,7.9
29211,"Sullivan County, MO","37,056",-17.9,13.9,12.4,11.8,6.8
54081,"Raleigh County, WV","40,199",-0.8,12.5,12.7,18.2,7.3
6003,"Alpine County, CA","46,336",15.4,4.5,5.4,30.5,11.2
29225,"Webster County, MO","42,285",-6.5,14.4,7.9,16.0,7.1
33015,"Rockingham County, NH","76,285",5.2,8.5,6.9,38.0,5.8
42071,"Lancaster County, PA","54,748",1.0,13.4,8.6,24.7,6.5
20065,"Graham County, KS","45,650",-18.8,11.1,13.0,25.6,3.4
37097,"Iredell County, NC","49,666",8.6,10.4,8.9,25.1,9.9
48283,"La Salle County, TX","32,001",14.7,14.5,7.5,13.5,4.4
46083,"Lincoln County, SD","78,360",20.0,17.6,4.5,41.0,3.2
31055,"Douglas County, NE","51,189",4.0,15.8,7.1,36.6,4.5
51580,"Covington city, VA","36,566",-13.9,11.9,10.0,9.0,9.0
37157,"Rockingham County, NC","37,577",-4.5,9.6,11.3,13.1,11.3
42033,"Clearfield County, PA","41,519",2.3,8.5,11.0,13.2,9.4
55027,"Dodge County, WI","51,602",-2.2,9.3,9.3,15.7,7.2
5137,"Stone County, AR","28,442",6.9,10.3,13.8,16.3,8.2
13075,"Cook County, GA","32,107",-10.9,12.3,9.4,13.4,9.5
21123,"Larue County, KY","40,232",-10.3,10.7,9.5,10.8,8.6
48185,"Grimes County, TX","42,674",-0.4,10.4,8.8,11.6,6.4
13245,"Richmond County, GA","36,490",0.4,15.0,9.2,20.4,10.6
13001,"Appling County, GA","35,757",-9.6,14.9,9.4,12.9,11.2
31139,"Pierce County, NE","50,194",-2.2,10.8,9.6,20.4,3.3
38025,"Dunn County, ND","62,424",56.3,11.7,9.1,19.3,1.6
37151,"Randolph County, NC","41,815",1.1,11.3,9.2,14.1,9.9
40139,"Texas County, OK","45,199",5.2,16.1,6.7,19.5,4.2
48101,"Cottle County, TX","30,660",-12.0,10.0,12.0,15.2,7.5
42037,"Columbia County, PA","45,038",0.6,9.1,10.1,21.2,8.3
19079,"Hamilton County, IA","51,773",-9.8,11.2,11.0,19.0,6.9
12049,"Hardee County, FL","34,012",-16.8,14.8,7.1,10.0,8.9
21131,"Leslie County, KY","27,517",-9.7,13.6,12.8,8.2,14.3
13183,"Long County, GA","39,176",46.8,15.9,5.9,13.9,8.5
53035,"Kitsap County, WA","59,354",-4.2,11.9,7.5,30.0,7.9
48479,"Webb County, TX","35,974",2.3,21.0,4.9,17.0,6.5
21063,"Elliott County, KY","28,893",-17.5,7.1,9.3,6.4,14.4
20101,"Lane County, KS","51,366",-32.7,12.3,15.2,24.0,4.6
48415,"Scurry County, TX","49,340",11.7,14.9,11.2,15.4,4.5
51185,"Tazewell County, VA","34,760",-5.6,9.5,14.2,12.8,8.3
51043,"Clarke County, VA","67,922",6.4,8.1,10.6,32.2,5.2
36013,"Chautauqua County, NY","41,194",-6.8,10.5,10.5,21.1,8.5
55119,"Taylor County, WI","43,124",-17.8,10.6,7.5,13.8,7.2
45075,"Orangeburg County, SC","33,796",-4.5,12.5,10.5,18.8,14.3
47101,"Lewis County, TN","35,062",-18.2,10.5,9.5,12.7,10.8
26089,"Leelanau County, MI","54,494",0.5,7.8,10.4,39.5,8.0
48367,"Parker County, TX","63,720",6.7,10.8,7.7,25.6,5.9
37131,"Northampton County, NC","31,217",-27.3,9.2,11.6,11.1,11.5
21205,"Rowan County, KY","35,483",7.9,11.5,9.5,25.5,8.3
47179,"Washington County, TN","42,371",7.0,10.9,10.6,30.8,7.1
48093,"Comanche County, TX","36,522",-11.9,11.6,10.1,18.3,6.4
5101,"Newton County, AR","29,316",-22.2,8.3,11.0,11.3,7.3
1093,"Marion County, AL","32,237",-2.5,10.7,13.5,11.1,8.9
31101,"Keith County, NE","41,303",-2.1,9.8,9.7,22.0,3.7
5069,"Jefferson County, AR","36,346",-19.7,12.0,11.3,17.1,10.0
8119,"Teller County, CO","59,558",2.9,6.5,6.1,30.9,8.4
54037,"Jefferson County, WV","62,924",1.4,11.0,7.8,28.3,5.4
13213,"Murray County, GA","35,918",-5.3,12.4,8.3,8.6,12.8
29089,"Howard County, MO","37,742",-6.2,11.9,8.0,23.6,6.8
48447,"Throckmorton County, TX","41,149",-11.7,8.6,14.2,20.7,5.3
21141,"Logan County, KY","38,962",-5.7,12.1,11.0,13.0,7.6
28153,"Wayne County, MS","33,140",-2.7,13.4,10.8,10.3,11.1
56023,"Lincoln County, WY","60,817",-11.2,13.7,6.5,20.1,7.1
45053,"Jasper County, SC","35,692",11.8,12.7,7.5,13.0,8.5
19045,"Clinton County, IA","46,217",-9.1,11.7,10.8,19.2,6.1
21167,"Mercer County, KY","41,129",0.1,13.8,11.3,18.3,8.2
31127,"Nemaha County, NE","45,033",-10.0,11.4,13.5,27.1,4.8
5015,"Carroll County, AR","34,096",5.8,11.1,11.1,17.0,6.3
51159,"Richmond County, VA","41,190",-8.7,7.1,12.6,12.9,6.4
28133,"Sunflower County, MS","25,272",-6.0,12.5,10.3,13.8,14.4
5045,"Faulkner County, AR","49,843",12.7,13.3,7.1,27.3,6.6
39069,"Henry County, OH","51,036",-8.3,12.3,10.5,14.8,8.7
48381,"Randall County, TX","56,716",7.5,12.6,7.5,30.7,4.4
13129,"Gordon County, GA","41,141",-1.2,13.0,8.6,13.9,9.8
37041,"Chowan County, NC","37,458",-7.6,10.7,10.6,20.9,10.9
51057,"Essex County, VA","42,012",-1.2,11.2,13.1,13.7,7.3
25005,"Bristol County, MA","53,670",1.9,10.5,8.9,25.6,8.7
22059,"La Salle Parish, LA","42,128",-4.6,10.2,10.7,13.0,5.1
38017,"Cass County, ND","51,995",16.4,15.2,5.3,37.4,2.9
26109,"Menominee County, MI","38,157",-2.1,8.6,12.1,15.5,8.0
49037,"San Juan County, UT","38,329",3.3,16.5,6.4,18.8,8.8
48265,"Kerr County, TX","40,919",5.7,9.8,13.8,28.3,5.8
39129,"Pickaway County, OH","54,540",3.8,10.5,9.0,16.4,7.4
20055,"Finney County, KS","46,496",-12.5,18.1,5.6,18.6,4.5
21121,"Knox County, KY","27,545",-14.2,13.4,11.3,10.2,12.8
31173,"Thurston County, NE","40,266",-8.8,19.8,8.1,15.6,8.7
22035,"East Carroll Parish, LA","24,688",-19.0,16.7,8.7,9.4,20.0
8011,"Bent County, CO","33,540",-87.3,8.9,9.4,7.5,8.4
39027,"Clinton County, OH","42,640",-3.3,12.3,10.9,15.2,10.7
17107,"Logan County, IL","47,111",3.9,8.8,9.8,16.4,7.5
42021,"Cambria County, PA","39,724",-4.5,9.7,12.4,18.9,8.8
37023,"Burke County, NC","38,581",-5.1,9.8,11.0,17.4,9.8
54003,"Berkeley County, WV","52,672",7.7,12.6,8.8,20.3,6.7
31097,"Johnson County, NE","42,970",-7.1,9.6,9.0,13.2,4.3
17141,"Ogle County, IL","52,976",-6.3,9.8,9.0,20.0,10.1
48203,"Harrison County, TX","44,958",-6.0,13.0,8.3,18.6,7.4
20011,"Bourbon County, KS","37,057",-5.6,13.3,12.1,21.4,7.7
23031,"York County, ME","52,663",2.3,9.5,8.4,29.1,6.9
16027,"Canyon County, ID","41,700",3.6,15.5,6.5,17.4,9.1
48003,"Andrews County, TX","57,690",34.9,18.3,8.3,13.6,4.0
51600,"Fairfax city, VA","86,963",12.5,14.9,8.3,53.5,4.3
13027,"Brooks County, GA","32,176",-27.8,14.1,9.9,11.1,9.2
21021,"Boyle County, KY","42,058",8.9,10.1,11.3,22.2,9.0
42123,"Warren County, PA","44,466",-2.9,9.4,12.3,18.4,6.8
32015,"Lander County, NV","67,424",5.3,14.5,5.8,9.8,7.4
15009,"Maui County, HI","59,281",6.7,12.9,6.9,25.6,6.4
42057,"Fulton County, PA","46,848",-2.9,8.9,8.4,12.7,9.2
53065,"Stevens County, WA","39,948",0.3,10.4,9.9,17.6,11.8
48211,"Hemphill County, TX","60,499",26.1,16.4,8.9,22.2,2.9
13191,"McIntosh County, GA","37,040",-25.2,7.8,7.5,14.2,9.8
38071,"Ramsey County, ND","50,457",5.1,13.0,12.8,22.8,4.1
36015,"Chemung County, NY","45,193",1.4,11.8,10.3,22.9,8.4
1063,"Greene County, AL","24,592",-6.6,11.8,11.4,11.5,13.6
13279,"Toombs County, GA","31,820",-4.1,15.0,12.0,15.3,11.8
42125,"Washington County, PA","53,545",3.3,9.9,11.9,26.6,7.2
42105,"Potter County, PA","42,097",6.3,11.1,11.3,15.4,9.1
20207,"Woodson County, KS","32,681",-11.5,11.8,14.9,18.4,6.2
13285,"Troup County, GA","38,598",5.7,13.1,9.1,18.6,9.8
54059,"Mingo County, WV","32,736",-16.1,13.8,13.6,10.5,9.7
29203,"Shannon County, MO","27,750",-10.1,11.5,10.7,14.2,11.0
39025,"Clermont County, OH","54,179",-1.0,11.9,7.7,26.2,7.4
47159,"Smith County, TN","42,927",-0.9,11.2,11.6,11.0,8.2
18155,"Switzerland County, IN","42,497",-17.9,12.0,10.6,8.7,7.7
36011,"Cayuga County, NY","49,412",-2.9,9.9,9.3,20.2,8.3
30073,"Pondera County, MT","37,441",-7.5,11.7,11.2,21.9,4.9
39089,"Licking County, OH","52,678",0.0,11.7,9.1,22.6,6.8
39065,"Hardin County, OH","42,023",-7.4,11.7,9.8,14.5,7.5
6005,"Amador County, CA","51,388",-7.9,7.5,11.4,20.5,12.3
39115,"Morgan County, OH","35,748",-4.3,9.2,11.8,10.7,9.9
48285,"Lavaca County, TX","41,606",12.6,11.5,12.9,15.3,4.8
38067,"Pembina County, ND","48,649",-17.4,10.2,11.4,18.8,6.4
31159,"Seward County, NE","60,642",8.3,12.3,9.2,26.8,3.5
16037,"Custer County, ID","44,309",1.6,8.1,9.2,26.2,8.1
36107,"Tioga County, NY","56,891",-12.6,9.4,8.7,23.8,7.9
48083,"Coleman County, TX","32,231",-3.3,10.8,16.1,14.0,7.5
45031,"Darlington County, SC","34,103",-2.0,11.6,11.2,16.1,11.1
4023,"Santa Cruz County, AZ","36,660",-14.4,13.9,5.9,22.0,15.4
47095,"Lake County, TN","26,445",-7.6,9.3,11.1,8.2,10.4
12081,"Manatee County, FL","46,999",19.0,10.4,10.6,27.5,8.1
46119,"Sully County, SD","56,221",31.4,13.6,7.1,26.3,3.1
12045,"Gulf County, FL","34,940",2.9,8.3,10.7,14.7,8.1
40141,"Tillman County, OK","32,382",-23.5,12.6,12.1,16.1,4.8
41015,"Curry County, OR","34,854",-3.0,8.5,15.6,22.2,11.8
48129,"Donley County, TX","35,081",-6.0,7.9,13.4,16.7,5.9
29083,"Henry County, MO","41,189",1.4,11.7,14.1,15.1,7.8
17117,"Macoupin County, IL","48,349",-12.3,9.4,11.8,17.0,9.5
4003,"Cochise County, AZ","43,017",-12.0,12.7,9.2,23.1,9.0
46105,"Perkins County, SD","38,695",9.3,10.9,15.9,18.8,4.0
27009,"Benton County, MN","52,308",-7.9,14.6,8.3,20.3,6.4
19195,"Worth County, IA","48,382",-7.3,10.9,12.4,15.7,5.5
19039,"Clarke County, IA","44,043",2.6,13.8,13.7,15.7,6.0
18005,"Bartholomew County, IN","53,475",12.9,13.6,9.0,27.9,6.4
37083,"Halifax County, NC","31,253",-6.4,11.1,11.7,11.9,13.5
39077,"Huron County, OH","46,303",-5.5,12.0,10.2,13.1,9.9
19147,"Palo Alto County, IA","47,639",-4.3,9.4,13.2,18.3,4.3
27077,"Lake of the Woods County, MN","41,084",-10.8,8.5,14.1,16.2,6.1
19009,"Audubon County, IA","47,823",-16.5,9.1,16.0,16.4,4.8
13171,"Lamar County, GA","38,892",-7.7,10.6,10.5,16.6,12.1
22007,"Assumption Parish, LA","41,472",-7.3,11.6,9.2,10.7,9.7
29059,"Dallas County, MO","33,997",-3.8,12.6,8.4,13.9,9.1
30057,"Madison County, MT","41,367",4.4,7.4,9.3,29.4,6.2
19051,"Davis County, IA","42,459",-13.6,15.9,9.7,16.8,5.8
13015,"Bartow County, GA","46,693",-3.4,12.4,7.6,17.3,9.9
48219,"Hockley County, TX","46,010",-0.3,14.9,8.0,16.1,5.3
17053,"Ford County, IL","48,652",2.8,10.4,13.2,16.1,7.7
28081,"Lee County, MS","41,371",5.0,14.2,10.0,21.7,8.3
29093,"Iron County, MO","34,913",-4.9,11.5,13.4,10.9,11.4
46003,"Aurora County, SD","46,581",14.2,13.5,11.3,18.5,3.0
4027,"Yuma County, AZ","39,072",-10.7,16.0,7.1,14.0,23.9
53025,"Grant County, WA","45,050",-1.7,17.3,7.5,15.5,9.5
26121,"Muskegon County, MI","40,580",-1.9,12.6,9.8,17.6,10.0
21203,"Rockcastle County, KY","30,310",-2.2,12.4,12.8,11.1,10.2
21211,"Shelby County, KY","56,021",12.8,14.3,8.1,23.7,6.2
44005,"Newport County, RI","63,434",-0.3,8.7,8.3,44.9,9.3
35005,"Chaves County, NM","38,008",-3.0,14.0,9.9,18.4,6.5
30017,"Custer County, MT","41,059",3.4,11.8,11.6,19.5,3.6
31107,"Knox County, NE","45,180",0.5,12.0,12.5,18.9,3.4
20003,"Anderson County, KS","42,424",-15.8,12.4,14.6,17.5,6.5
22103,"St. Tammany Parish, LA","58,383",6.4,11.2,8.2,30.4,5.9
5117,"Prairie County, AR","36,191",-11.4,10.0,12.4,10.4,7.6
47107,"McMinn County, TN","37,502",1.0,11.4,11.2,14.8,9.1
20047,"Edwards County, KS","44,028",-10.7,9.4,16.7,21.7,4.0
35059,"Union County, NM","33,570",2.7,8.2,12.5,19.0,4.4
41055,"Sherman County, OR","52,251",-2.3,9.7,10.3,18.5,10.7
54027,"Hampshire County, WV","34,896",-3.3,9.7,10.8,8.7,7.9
13147,"Hart County, GA","36,483",5.5,9.7,11.4,14.6,10.3
30055,"McCone County, MT","38,345",2.3,4.7,12.3,17.5,2.9
20203,"Wichita County, KS","48,734",-12.9,9.4,10.7,18.9,5.3
1051,"Elmore County, AL","52,324",-1.1,12.0,8.3,21.4,6.9
18153,"Sullivan County, IN","41,223",-1.3,11.5,10.9,13.0,9.3
29043,"Christian County, MO","52,413",7.6,12.0,6.8,26.5,5.8
8065,"Lake County, CO","45,504",-16.6,9.7,5.6,30.3,8.6
29135,"Moniteau County, MO","42,684",-7.0,13.7,9.1,17.2,6.6
31083,"Harlan County, NE","43,882",-0.3,8.5,14.9,14.5,3.2
17065,"Hamilton County, IL","42,673",-2.1,11.5,13.8,14.5,7.9
12097,"Osceola County, FL","42,743",28.7,13.3,6.1,17.8,9.5
28111,"Perry County, MS","33,667",-18.1,13.8,8.9,8.4,11.5
1113,"Russell County, AL","34,310",40.1,16.1,10.2,15.5,8.8
48501,"Yoakum County, TX","55,063",2.7,16.6,8.9,15.8,4.0
49041,"Sevier County, UT","45,243",-15.8,13.6,8.3,16.2,6.1
48057,"Calhoun County, TX","44,736",7.1,11.7,8.7,15.8,7.3
28033,"DeSoto County, MS","55,011",8.8,12.6,7.1,21.7,6.5
29061,"Daviess County, MO","39,549",-3.6,13.7,9.4,15.0,6.9
48493,"Wilson County, TX","61,103",10.9,11.6,6.9,18.5,5.5
12125,"Union County, FL","39,486",-2.9,10.7,10.4,8.6,7.2
51073,"Gloucester County, VA","57,173",-1.1,9.1,9.4,22.9,5.6
47149,"Rutherford County, TN","53,566",11.3,13.5,6.0,28.9,6.5
46031,"Corson County, SD","31,312",-1.5,20.2,10.1,14.1,8.0
40085,"Love County, OK","43,083",15.3,12.3,9.3,16.1,4.2
40127,"Pushmataha County, OK","30,604",-11.7,10.3,13.5,12.2,7.2
28015,"Carroll County, MS","36,906",0.0,7.7,10.7,13.1,11.0
41021,"Gilliam County, OR","49,735",3.1,9.7,12.3,18.8,10.1
30033,"Garfield County, MT","34,414",-12.0,11.2,6.4,14.6,3.1
24001,"Allegany County, MD","38,670",-5.3,9.1,12.3,17.0,8.9
20151,"Pratt County, KS","47,220",8.4,14.7,11.2,24.4,4.5
35047,"San Miguel County, NM","31,285",-11.4,11.5,9.1,19.9,8.9
30075,"Powder River County, MT","40,396",15.5,6.3,13.7,20.5,3.7
13319,"Wilkinson County, GA","36,219",7.4,11.2,11.4,8.2,11.5
20135,"Ness County, KS","49,541",-8.7,11.3,15.2,19.1,3.3
48021,"Bastrop County, TX","50,024",-6.9,10.7,7.7,17.3,6.7
28121,"Rankin County, MS","56,101",5.1,13.4,7.4,28.7,5.7
51678,"Lexington city, VA","40,250",9.0,6.0,8.3,44.8,8.8
12027,"DeSoto County, FL","33,602",1.8,10.9,8.0,9.9,9.9
30005,"Blaine County, MT","36,250",10.3,17.2,11.8,17.3,6.4
17113,"McLean County, IL","62,129",4.7,12.1,6.1,43.4,6.4
16031,"Cassia County, ID","42,155",-3.5,18.0,7.5,16.9,5.8
46023,"Charles Mix County, SD","37,422",-7.6,18.3,10.1,18.0,5.0
46125,"Turner County, SD","52,447",-5.5,10.8,12.0,19.9,3.5
16021,"Boundary County, ID","38,257",-3.1,11.7,9.0,14.1,9.4
47019,"Carter County, TN","33,094",0.8,9.0,11.4,16.1,8.9
27111,"Todd County, MN","50,645",0.4,10.9,12.1,23.6,5.6
38039,"Griggs County, ND","45,679",-2.1,6.8,15.3,18.4,2.7
20153,"Rawlins County, KS","44,563",3.2,9.6,12.0,23.8,2.7
48361,"Orange County, TX","49,238",4.3,13.3,10.8,13.8,10.5
20195,"Trego County, KS","46,693",3.7,9.8,18.3,23.2,4.3
40101,"Muskogee County, OK","37,103",-5.0,14.2,12.2,18.7,6.7
21199,"Pulaski County, KY","32,339",0.5,12.2,12.3,14.5,9.4
55117,"Sheboygan County, WI","52,589",-5.5,10.9,9.2,22.5,6.8
34039,"Union County, NJ","64,698",0.5,12.5,7.2,32.3,9.5
16019,"Bonneville County, ID","50,347",-1.1,17.8,7.5,26.4,6.3
30009,"Carbon County, MT","43,641",6.9,8.1,9.9,29.1,4.7
19155,"Pottawattamie County, IA","49,911",-9.9,12.9,9.3,19.7,5.1
29105,"Laclede County, MO","36,670",-8.1,13.6,10.9,14.1,9.2
23009,"Hancock County, ME","45,564",1.1,8.2,9.9,32.6,8.7
30101,"Toole County, MT","42,057",10.4,10.6,8.7,14.4,4.2
8059,"Jefferson County, CO","67,401",8.0,10.2,7.2,41.1,7.4
17069,"Hardin County, IL","36,576",-0.2,9.6,12.1,10.8,10.5
29175,"Randolph County, MO","38,882",2.1,10.7,10.7,13.9,8.7
31051,"Dixon County, NE","46,124",-18.0,10.9,11.6,16.6,4.1
56039,"Teton County, WY","66,592",2.0,10.7,2.8,51.9,6.7
26131,"Ontonagon County, MI","34,501",-24.5,3.4,12.3,15.8,13.4
48177,"Gonzales County, TX","36,006",3.4,14.2,8.5,14.7,5.1
8027,"Custer County, CO","46,744",0.7,6.2,8.5,34.8,6.3
23007,"Franklin County, ME","36,729",-2.1,9.5,10.2,24.5,8.7
51145,"Powhatan County, VA","73,639",-0.1,8.6,6.8,28.0,5.6
51087,"Henrico County, VA","58,723",11.3,13.0,7.7,39.7,6.0
20157,"Republic County, KS","39,085",-2.5,8.4,19.3,21.0,3.8
13017,"Ben Hill County, GA","29,155",-2.6,15.1,11.7,10.8,13.9
4025,"Yavapai County, AZ","43,397",8.6,8.2,12.3,24.9,8.6
53053,"Pierce County, WA","57,542",3.1,14.2,7.1,24.2,9.3
19095,"Iowa County, IA","55,723",-10.3,11.5,10.2,21.7,4.5
13237,"Putnam County, GA","40,644",-7.2,12.2,9.9,18.1,11.5
13035,"Butts County, GA","42,815",-10.1,12.0,9.1,9.7,10.3
40045,"Ellis County, OK","49,545",12.3,10.1,12.3,24.9,2.8
29091,"Howell County, MO","32,492",-1.9,12.5,11.5,15.0,8.1
48263,"Kent County, TX","38,627",22.0,6.1,13.4,23.3,4.0
20027,"Clay County, KS","47,736",-2.9,12.3,12.1,22.3,5.2
46045,"Edmunds County, SD","55,098",-4.7,10.7,13.2,23.6,3.0
48421,"Sherman County, TX","46,196",2.3,15.9,10.6,21.2,4.2
48009,"Archer County, TX","55,459",-2.5,7.9,8.3,20.3,5.5
49057,"Weber County, UT","54,169",0.3,17.0,6.7,23.2,6.3
29129,"Mercer County, MO","38,007",-15.2,10.4,12.8,14.2,5.2
8063,"Kit Carson County, CO","44,059",-14.8,11.2,8.5,13.9,4.4
48455,"Trinity County, TX","33,771",-14.2,7.4,14.7,10.8,8.2
28123,"Scott County, MS","32,989",-8.4,16.7,9.2,11.2,7.6
48393,"Roberts County, TX","60,857",15.0,10.7,6.4,34.3,5.1
26081,"Kent County, MI","50,674",4.9,14.5,7.3,32.6,6.8
26155,"Shiawassee County, MI","42,893",-10.1,10.0,9.7,15.1,9.6
17143,"Peoria County, IL","47,310",-1.3,13.8,9.3,29.3,8.4
53067,"Thurston County, WA","58,556",4.0,12.1,7.5,32.9,8.4
21105,"Hickman County, KY","39,376",-7.8,9.2,10.9,11.7,8.1
24009,"Calvert County, MD","87,215",1.2,10.1,6.9,29.3,6.3
1025,"Clarke County, AL","34,606",-17.5,11.5,11.3,11.9,15.0
27067,"Kandiyohi County, MN","48,993",0.3,12.8,8.8,21.9,5.2
19075,"Grundy County, IA","57,011",-4.2,10.8,9.8,20.5,4.6
12037,"Franklin County, FL","37,868",12.8,9.2,10.3,16.0,6.5
29151,"Osage County, MO","49,989",-6.8,11.2,8.9,17.5,5.0
40099,"Murray County, OK","42,510",4.0,10.9,13.2,20.2,4.6
1105,"Perry County, AL","25,215",-26.7,12.2,13.9,9.1,13.3
16071,"Oneida County, ID","44,628",-4.7,11.4,8.5,12.7,4.9
17199,"Williamson County, IL","41,033",1.0,11.3,11.3,22.1,8.6
48061,"Cameron County, TX","31,080",-5.3,17.8,5.7,16.1,10.3
1039,"Covington County, AL","34,017",-3.8,10.9,12.6,14.6,8.4
8097,"Pitkin County, CO","67,057",2.7,7.3,2.8,56.4,7.2
27091,"Martin County, MN","47,212",-7.0,10.6,11.6,17.9,5.6
42099,"Perry County, PA","55,287",-4.6,11.8,9.6,16.1,7.3
42117,"Tioga County, PA","43,719",4.2,9.8,9.0,19.4,7.6
13077,"Coweta County, GA","61,153",3.7,12.2,6.2,26.6,8.0
51520,"Bristol city, VA","31,973",1.5,11.2,13.7,20.4,7.3
36051,"Livingston County, NY","52,549",-1.2,8.8,8.3,23.9,7.8
54025,"Greenbrier County, WV","36,248",7.0,10.9,13.7,18.2,8.0
30049,"Lewis and Clark County, MT","54,096",4.3,11.3,8.4,37.6,4.9
1079,"Lawrence County, AL","38,524",-6.8,11.1,11.4,11.3,9.0
37117,"Martin County, NC","33,159",-10.9,9.6,12.9,12.9,12.0
48133,"Eastland County, TX","37,916",-3.8,10.0,12.4,14.0,6.7
42041,"Cumberland County, PA","57,982",8.1,10.4,9.4,32.8,6.2
49007,"Carbon County, UT","47,214",-10.6,15.7,9.2,13.0,7.0
47143,"Rhea County, TN","40,682",6.8,11.6,10.4,11.7,10.2
55039,"Fond du Lac County, WI","53,548",-2.3,11.0,8.9,20.9,6.5
51121,"Montgomery County, VA","42,307",6.2,9.7,6.1,44.3,5.9
5029,"Conway County, AR","35,832",0.2,12.7,12.1,16.5,9.2
12051,"Hendry County, FL","36,515",-38.5,15.0,6.5,10.6,12.8
42091,"Montgomery County, PA","76,924",2.1,11.1,8.7,46.2,6.4
53041,"Lewis County, WA","42,993",-3.6,11.4,10.7,14.1,12.0
31169,"Thayer County, NE","45,023",-0.4,9.7,14.0,17.8,3.1
37185,"Warren County, NC","33,068",-8.9,7.6,9.8,15.2,12.4
26099,"Macomb County, MI","52,275",5.5,10.8,9.4,23.1,9.8
47155,"Sevier County, TN","42,490",10.4,11.1,9.4,15.4,8.7
6111,"Ventura County, CA","71,043",-2.3,12.7,6.0,31.6,9.1
29029,"Camden County, MO","41,858",10.0,9.1,10.7,22.0,9.6
13081,"Crisp County, GA","29,175",-9.8,12.4,9.6,14.7,12.5
5111,"Poinsett County, AR","32,248",-5.7,12.8,13.3,8.0,8.7
51133,"Northumberland County, VA","47,143",5.3,7.2,14.6,23.6,8.2
6057,"Nevada County, CA","54,230",-3.7,7.8,9.7,32.8,9.7
21225,"Union County, KY","41,801",-13.5,10.7,9.2,10.9,7.8
48141,"El Paso County, TX","40,092",4.5,16.9,5.8,20.8,8.5
28073,"Lamar County, MS","48,057",6.1,14.1,7.0,34.1,6.5
27135,"Roseau County, MN","53,261",-2.8,11.1,8.7,18.0,4.7
37129,"New Hanover County, NC","50,890",11.9,10.9,8.1,37.2,8.6
37025,"Cabarrus County, NC","55,531",11.5,12.5,7.7,26.2,9.0
29221,"Washington County, MO","33,397",-2.8,12.2,9.9,7.8,10.6
51089,"Henry County, VA","34,232",-5.5,9.7,12.3,11.5,10.6
28125,"Sharkey County, MS","26,139",-25.7,18.4,12.0,21.6,13.6
46129,"Walworth County, SD","40,622",-18.4,12.0,14.5,22.5,6.2
28003,"Alcorn County, MS","35,583",-1.5,11.8,12.0,16.2,8.7
1123,"Tallapoosa County, AL","36,463",-7.9,12.1,12.8,17.6,8.6
39017,"Butler County, OH","55,599",-2.7,12.1,8.1,28.1,7.7
6097,"Sonoma County, CA","59,855",3.1,10.3,7.9,32.6,8.9
4021,"Pinal County, AZ","50,362",5.4,11.9,6.5,17.8,8.5
38031,"Foster County, ND","49,499",14.3,8.9,11.9,20.0,3.1
48405,"San Augustine County, TX","31,714",0.9,13.5,15.4,10.0,12.1
41049,"Morrow County, OR","50,246",-6.9,13.8,6.8,10.2,8.1
41041,"Lincoln County, OR","39,738",9.4,9.0,12.3,24.3,9.9
26009,"Antrim County, MI","42,419",-1.2,8.8,10.4,24.9,11.5
6093,"Siskiyou County, CA","36,597",-11.5,11.1,12.0,24.0,15.6
53075,"Whitman County, WA","32,276",29.4,9.4,5.0,47.8,6.6
40049,"Garvin County, OK","37,980",-3.4,13.9,14.6,15.0,5.0
8005,"Arapahoe County, CO","60,525",10.4,13.1,5.7,39.4,7.7
40025,"Cimarron County, OK","39,376",-32.1,8.2,10.7,17.5,3.3
21177,"Muhlenberg County, KY","38,388",-3.9,10.9,11.3,9.6,9.8
53001,"Adams County, WA","43,939",-12.5,21.2,5.1,13.5,9.1
19019,"Buchanan County, IA","54,382",-0.5,14.1,9.4,17.3,4.8
39043,"Erie County, OH","46,307",-1.2,9.8,11.9,21.1,8.0
34001,"Atlantic County, NJ","50,881",-3.2,12.3,9.0,24.4,12.7
31113,"Logan County, NE","49,227",2.6,12.8,7.7,20.4,3.2
27145,"Stearns County, MN","53,986",-2.2,12.3,6.6,25.5,5.4
47105,"Loudon County, TN","49,616",13.3,11.0,11.6,25.6,7.6
36117,"Wayne County, NY","48,991",-4.4,10.9,8.8,21.3,8.6
48043,"Brewster County, TX","39,235",-13.4,10.7,7.1,36.3,5.1
45063,"Lexington County, SC","52,249",9.0,11.9,7.9,28.7,7.0
16057,"Latah County, ID","40,873",0.8,11.4,5.7,44.0,5.8
48157,"Fort Bend County, TX","86,037",21.4,12.8,3.8,42.3,6.0
12073,"Leon County, FL","46,014",13.7,10.6,5.9,44.3,7.0
41067,"Washington County, OR","63,566",6.4,13.3,5.6,39.7,7.1
29187,"St. Francois County, MO","35,883",3.2,11.5,11.1,14.6,8.9
8049,"Grand County, CO","56,191",-28.8,7.6,3.1,36.3,7.2
40133,"Seminole County, OK","33,940",-0.7,12.5,13.9,13.4,7.8
37183,"Wake County, NC","64,107",16.2,13.0,4.8,48.3,7.1
54005,"Boone County, WV","39,194",-0.7,11.2,12.5,9.1,10.4
18045,"Fountain County, IN","47,905",-0.8,10.3,11.6,12.5,8.4
19069,"Franklin County, IA","51,139",-16.5,10.1,11.2,16.3,4.5
48111,"Dallam County, TX","40,312",14.0,19.3,8.6,11.1,3.7
27001,"Aitkin County, MN","38,871",-4.5,8.5,12.2,14.8,8.1
54057,"Mineral County, WV","38,673",-5.3,10.1,10.8,12.8,8.5
21065,"Estill County, KY","29,895",-8.4,10.4,12.5,8.4,10.0
48341,"Moore County, TX","47,445",4.4,18.5,6.6,13.0,4.3
47077,"Henderson County, TN","36,983",0.0,11.5,11.3,13.2,9.7
28135,"Tallahatchie County, MS","27,121",-18.8,10.1,10.5,9.7,11.3
1013,"Butler County, AL","30,605",-7.8,11.6,13.1,14.3,11.5
40145,"Wagoner County, OK","54,839",8.9,11.8,7.9,21.5,5.2
1111,"Randolph County, AL","35,024",-8.6,10.6,11.3,12.4,9.2
37111,"McDowell County, NC","36,584",0.4,9.8,11.1,13.9,10.8
13011,"Banks County, GA","43,102",-7.0,10.0,9.4,11.8,8.2
12129,"Wakulla County, FL","46,773",-5.8,10.1,8.2,17.2,7.3
17103,"Lee County, IL","50,304",-12.4,10.5,9.4,16.5,8.3
1077,"Lauderdale County, AL","41,536",2.1,9.6,11.0,22.1,7.7
45089,"Williamsburg County, SC","28,121",-14.9,10.6,12.2,12.0,15.8
51187,"Warren County, VA","58,632",4.1,11.8,9.5,19.7,6.7
13013,"Barrow County, GA","49,608",-4.1,15.4,7.1,16.6,8.6
31087,"Hitchcock County, NE","42,059",7.0,10.5,11.9,15.3,4.1
17091,"Kankakee County, IL","50,985",-8.0,12.2,9.0,17.6,10.4
13293,"Upson County, GA","34,395",-13.3,11.4,11.7,11.4,10.7
48461,"Upton County, TX","49,846",-10.1,16.2,12.8,11.0,4.0
28107,"Panola County, MS","33,489",-5.2,15.1,11.2,14.9,12.1
8041,"El Paso County, CO","55,312",5.4,14.3,5.9,35.2,8.9
5049,"Fulton County, AR","31,988",-3.0,9.8,12.4,10.7,7.2
27073,"Lac qui Parle County, MN","50,963",-8.4,9.1,14.6,18.6,5.0
36055,"Monroe County, NY","50,811",-1.5,11.1,8.7,35.9,7.9
13259,"Stewart County, GA","27,009",10.7,7.4,11.3,9.7,9.3
51155,"Pulaski County, VA","42,502",2.9,9.4,12.3,16.4,7.4
35001,"Bernalillo County, NM","46,200",0.1,12.6,7.4,32.3,6.8
47025,"Claiborne County, TN","33,022",-6.9,9.9,13.7,12.3,9.9
41039,"Lane County, OR","41,123",3.0,9.8,9.6,28.2,8.9
39139,"Richland County, OH","41,772",-4.9,11.5,10.8,15.9,8.7
36109,"Tompkins County, NY","49,159",6.2,9.1,6.4,50.3,6.1
48199,"Hardin County, TX","52,318",-1.4,12.4,9.9,15.4,8.4
19037,"Chickasaw County, IA","48,963",-11.7,12.0,10.0,14.5,5.2
13311,"White County, GA","41,283",9.1,8.7,9.6,19.4,8.7
51165,"Rockingham County, VA","51,137",2.0,10.9,9.0,23.7,5.7
17077,"Jackson County, IL","31,900",-26.1,11.3,8.1,33.8,7.8
29001,"Adair County, MO","32,870",-1.3,10.7,8.5,28.6,7.0
54011,"Cabell County, WV","36,048",2.3,12.6,11.2,26.4,6.5
56035,"Sublette County, WY","68,509",17.9,13.4,3.7,23.6,4.9
51135,"Nottoway County, VA","36,818",-5.7,10.4,12.6,12.2,6.4
25001,"Barnstable County, MA","58,616",2.7,7.4,12.5,39.9,8.5
21175,"Morgan County, KY","30,678",-13.7,10.6,10.9,12.6,10.6
28005,"Amite County, MS","32,724",-16.5,11.4,10.8,11.5,10.0
26135,"Oscoda County, MI","33,046",-0.5,10.4,14.2,9.8,15.6
35015,"Eddy County, NM","48,001",3.2,12.9,9.4,16.8,4.7
29197,"Schuyler County, MO","31,833",-3.2,13.9,10.7,10.4,7.4
34037,"Sussex County, NJ","85,036",-9.5,9.0,7.6,33.1,9.0
53009,"Clallam County, WA","43,482",4.3,9.2,13.1,24.5,10.5
27033,"Cottonwood County, MN","44,449",-13.5,13.6,12.2,17.0,6.5
22047,"Iberville Parish, LA","39,405",-5.9,13.5,8.5,12.7,9.4
37171,"Surry County, NC","36,934",-2.6,10.9,10.9,15.2,9.6
51003,"Albemarle County, VA","70,813",9.3,10.5,7.3,52.1,5.2
54041,"Lewis County, WV","37,345",2.1,11.2,12.3,14.9,7.0
17155,"Putnam County, IL","58,776",-11.3,9.4,9.3,13.7,9.3
5075,"Lawrence County, AR","29,229",-10.9,11.1,14.4,11.8,9.1
32029,"Storey County, NV","53,471",-14.7,5.9,8.8,20.7,13.3
30019,"Daniels County, MT","47,421",5.1,9.6,7.4,21.2,3.2
39099,"Mahoning County, OH","39,982",-3.9,9.8,12.8,21.5,8.3
8107,"Routt County, CO","62,271",-4.5,9.2,4.0,48.7,7.2
37069,"Franklin County, NC","42,346",5.5,10.6,8.5,18.2,9.7
27031,"Cook County, MN","46,621",-7.7,9.6,7.5,40.6,6.2
6089,"Shasta County, CA","44,477",1.6,11.6,11.3,19.1,14.2
13227,"Pickens County, GA","50,131",-4.3,9.9,10.0,23.7,9.1
51011,"Appomattox County, VA","43,814",6.4,12.6,10.1,15.3,7.4
36113,"Warren County, NY","52,692",-4.0,9.3,10.1,28.3,9.2
54061,"Monongalia County, WV","41,503",14.8,10.5,6.5,38.8,5.2
18135,"Randolph County, IN","40,656",-7.1,12.6,12.3,12.6,9.6
21221,"Trigg County, KY","42,419",12.9,10.8,9.9,17.6,9.4
17011,"Bureau County, IL","48,005",-6.9,9.6,10.8,17.5,9.2
29169,"Pulaski County, MO","46,579",-5.7,14.8,6.1,21.6,8.1
29081,"Harrison County, MO","37,053",-16.4,12.6,14.4,12.0,7.3
12087,"Monroe County, FL","52,152",7.1,9.6,8.6,29.7,5.7
17001,"Adams County, IL","46,038",-1.0,12.0,11.9,20.8,6.5
21117,"Kenton County, KY","53,500",1.9,12.6,8.3,28.9,7.4
47035,"Cumberland County, TN","39,522",9.8,9.8,13.2,17.8,9.0
21109,"Jackson County, KY","27,456",-4.8,11.7,12.7,8.6,11.8
55025,"Dane County, WI","60,119",7.5,12.2,5.8,47.6,4.9
28069,"Kemper County, MS","29,162",10.9,8.7,10.0,10.8,13.1
56015,"Goshen County, WY","42,045",4.5,9.8,9.6,21.5,4.7
21159,"Martin County, KY","28,836",-7.3,11.7,12.7,7.3,9.1
17203,"Woodford County, IL","69,806",-1.6,11.8,10.2,27.9,6.0
37135,"Orange County, NC","53,026",17.8,9.4,5.2,56.2,6.1
5011,"Bradley County, AR","31,940",-13.1,11.4,12.9,11.2,11.1
28151,"Washington County, MS","28,444",-13.4,16.7,12.0,18.7,14.5
48449,"Titus County, TX","39,312",-2.3,16.0,8.3,14.2,7.5
22067,"Morehouse Parish, LA","28,804",-3.7,13.3,13.3,13.3,13.0
37199,"Yancey County, NC","36,019",-0.6,10.5,13.4,18.7,10.7
21137,"Lincoln County, KY","33,640",-13.8,12.1,11.2,10.2,10.3
30065,"Musselshell County, MT","39,474",-7.8,9.1,12.7,15.1,5.4
55131,"Washington County, WI","66,616",1.0,9.9,7.8,27.9,6.1
20021,"Cherokee County, KS","39,938",-7.4,12.5,12.9,16.1,7.8
26129,"Ogemaw County, MI","33,769",-2.1,8.9,12.7,11.6,11.4
48507,"Zavala County, TX","25,157",2.9,16.8,7.7,8.5,13.5
21037,"Campbell County, KY","54,627",-3.4,10.7,9.0,28.1,6.9
13083,"Dade County, GA","40,984",-8.0,12.3,9.4,16.2,7.6
17137,"Morgan County, IL","47,514",-3.7,10.6,11.6,22.1,7.7
48053,"Burnet County, TX","49,685",2.7,10.6,9.5,23.3,6.0
18041,"Fayette County, IN","39,998",-5.3,9.7,12.8,10.1,11.1
17167,"Sangamon County, IL","55,386",-0.4,11.7,9.3,33.0,7.2
42023,"Cameron County, PA","39,346",-3.2,8.8,13.4,14.6,10.3
42081,"Lycoming County, PA","45,306",3.6,11.0,10.4,19.4,7.9
17041,"Douglas County, IL","52,758",-1.6,12.2,9.7,17.1,7.2
20161,"Riley County, KS","43,574",41.8,15.1,4.3,45.5,4.4
30093,"Silver Bow County, MT","39,835",1.3,12.4,11.4,23.5,6.1
54063,"Monroe County, WV","36,798",-1.8,10.8,12.5,13.8,7.2
48491,"Williamson County, TX","71,272",21.5,13.3,4.6,38.6,5.8
19179,"Wapello County, IA","41,547",-1.6,11.6,11.4,15.3,6.9
51071,"Giles County, VA","44,365",-5.0,9.8,12.4,17.0,7.3
26113,"Missaukee County, MI","40,917",3.3,12.8,9.0,13.3,9.7
8015,"Chaffee County, CO","44,651",7.1,8.3,8.7,34.2,6.8
19061,"Dubuque County, IA","50,137",3.0,12.3,9.1,27.8,4.5
27049,"Goodhue County, MN","56,875",-1.3,12.0,9.7,23.5,5.2
31011,"Boone County, NE","50,722",6.5,9.0,11.3,15.4,3.1
48357,"Ochiltree County, TX","55,700",8.0,16.5,8.1,14.0,3.9
34027,"Morris County, NJ","95,236",-0.2,9.3,7.3,50.6,7.1
20023,"Cheyenne County, KS","40,810",-4.1,11.6,16.8,18.7,3.6
26107,"Mecosta County, MI","39,253",-0.2,9.9,8.5,22.2,10.1
13255,"Spalding County, GA","35,761",-8.0,13.0,10.6,15.2,12.5
5093,"Mississippi County, AR","34,058",-14.4,15.0,11.1,13.1,11.0
53063,"Spokane County, WA","47,531",0.6,12.3,8.4,28.6,9.1
45067,"Marion County, SC","29,140",-11.6,12.9,12.9,15.0,15.9
46123,"Tripp County, SD","41,905",-20.6,13.3,13.5,21.8,3.7
38007,"Billings County, ND","65,346",76.0,10.2,1.1,19.5,3.4
29117,"Livingston County, MO","39,399",-6.0,11.0,13.1,17.1,6.2
18159,"Tipton County, IN","53,917",-8.3,9.3,11.4,17.3,7.8
37139,"Pasquotank County, NC","43,935",1.3,11.5,9.8,18.9,10.0
29127,"Marion County, MO","40,726",-2.0,11.7,10.9,18.4,6.1
13123,"Gilmer County, GA","39,637",-4.2,10.6,7.7,16.9,10.6
13283,"Treutlen County, GA","32,063",-8.2,11.6,8.2,14.1,13.5
31073,"Gosper County, NE","50,931",38.8,12.8,8.4,18.0,3.0
51103,"Lancaster County, VA","47,769",-2.9,8.1,18.5,28.7,8.0
36119,"Westchester County, NY","77,166",-0.2,11.1,7.2,46.0,7.3
13229,"Pierce County, GA","38,777",4.7,11.9,9.6,12.7,9.5
48281,"Lampasas County, TX","48,442",5.2,11.7,10.1,21.1,7.1
6039,"Madera County, CA","42,054",-9.7,15.7,6.9,13.5,14.4
13023,"Bleckley County, GA","40,922",-15.1,10.2,10.2,15.2,12.6
48193,"Hamilton County, TX","37,386",-13.0,10.1,14.1,19.0,5.8
48391,"Refugio County, TX","40,970",-7.4,11.8,13.6,10.3,6.0
5091,"Miller County, AR","38,225",-5.8,13.7,10.0,12.7,5.9
24035,"Queen Anne's County, MD","79,012",4.5,9.3,8.7,34.1,6.3
17179,"Tazewell County, IL","60,403",0.5,11.8,10.0,24.6,7.5
1055,"Etowah County, AL","35,737",1.8,11.1,13.5,15.4,8.2
55141,"Wood County, WI","46,027",-5.4,11.1,10.1,18.9,7.5
25007,"Dukes County, MA","56,784",7.2,8.9,8.0,41.2,8.9
24015,"Cecil County, MD","62,443",-1.6,11.5,7.9,21.8,8.3
29227,"Worth County, MO","35,127",-19.5,13.3,11.9,16.4,4.2
48031,"Blanco County, TX","52,668",5.6,9.0,9.8,27.9,5.2
20175,"Seward County, KS","47,801",-5.1,20.3,5.5,12.6,4.1
41059,"Umatilla County, OR","46,725",-3.6,14.1,7.7,15.8,9.1
27087,"Mahnomen County, MN","37,754",-2.6,18.0,9.7,13.0,6.9
41061,"Union County, OR","41,504",-6.3,12.2,9.9,22.7,9.4
48307,"McCulloch County, TX","36,483",-1.5,12.5,12.5,15.7,5.4
56005,"Campbell County, WY","80,327",16.2,16.3,5.1,19.2,4.6
21081,"Grant County, KY","46,103",-16.6,15.3,9.3,11.4,9.0
44001,"Bristol County, RI","64,572",3.0,6.9,9.0,43.5,9.0
28163,"Yazoo County, MS","28,499",-1.8,13.5,9.3,12.4,11.2
51670,"Hopewell city, VA","39,315",-11.7,14.9,11.9,10.9,10.1
18017,"Cass County, IN","40,809",-6.3,13.0,10.4,13.6,8.6
12013,"Calhoun County, FL","33,418",-4.4,11.4,10.6,9.2,9.1
28137,"Tate County, MS","40,811",-11.1,11.9,8.5,16.8,9.2
48135,"Ector County, TX","49,784",23.3,18.2,7.8,14.3,4.6
49019,"Grand County, UT","42,702",2.9,13.3,9.8,23.2,8.4
48113,"Dallas County, TX","47,343",9.6,15.9,5.9,28.7,7.1
42131,"Wyoming County, PA","47,497",2.3,10.6,10.2,17.9,8.9
13261,"Sumter County, GA","32,590",-18.9,14.5,11.1,19.4,11.9
17187,"Warren County, IL","43,045",-6.6,12.6,10.8,20.5,7.1
19127,"Marshall County, IA","51,348",-1.7,13.5,11.2,20.1,6.4
41071,"Yamhill County, OR","49,656",-0.7,11.2,8.3,22.4,8.5
19133,"Monona County, IA","44,254",-9.5,9.2,15.8,14.0,6.4
40013,"Bryan County, OK","37,157",3.4,14.3,10.3,20.7,5.4
21049,"Clark County, KY","45,116",5.7,12.5,10.9,19.9,8.1
54019,"Fayette County, WV","33,445",0.4,12.0,13.5,11.8,8.7
21135,"Lewis County, KY","28,759",-1.8,8.7,9.0,10.9,11.6
29223,"Wayne County, MO","30,729",3.4,9.6,14.3,10.2,9.0
24031,"Montgomery County, MD","94,365",6.8,13.0,5.7,57.4,5.2
55109,"St. Croix County, WI","69,436",-2.4,11.9,6.3,32.4,5.7
55001,"Adams County, WI","42,241",-12.0,6.0,11.1,12.6,10.9
8093,"Park County, CO","60,731",-2.4,6.9,4.8,31.6,6.9
55053,"Jackson County, WI","43,776",-3.7,12.0,9.7,13.9,7.3
47011,"Bradley County, TN","39,821",9.4,11.9,9.3,19.3,7.4
13009,"Baldwin County, GA","35,412",26.7,10.2,8.7,18.3,11.6
13003,"Atkinson County, GA","28,693",-18.2,14.8,9.8,7.7,11.5
48471,"Walker County, TX","38,024",1.9,8.2,7.2,18.4,6.9
12085,"Martin County, FL","47,120",11.2,7.6,11.3,31.2,8.3
21047,"Christian County, KY","37,539",8.2,19.9,8.2,15.7,9.3
51685,"Manassas Park city, VA","68,970",7.9,15.6,1.7,26.3,5.3
5139,"Union County, AR","40,026",-14.6,12.8,11.6,17.4,9.2
48271,"Kinney County, TX","38,870",6.6,9.7,7.7,13.2,8.8
56007,"Carbon County, WY","53,780",-12.2,12.0,7.9,17.2,5.2
54015,"Clay County, WV","32,885",-14.2,12.0,11.7,9.4,12.0
6115,"Yuba County, CA","41,599",-5.3,16.8,7.4,14.2,15.4
17129,"Menard County, IL","62,001",-0.2,8.9,9.3,21.2,7.0
37039,"Cherokee County, NC","31,370",0.3,7.6,13.1,18.4,11.0
29087,"Holt County, MO","40,036",-31.1,8.6,11.6,18.3,5.2
29013,"Bates County, MO","39,382",-20.7,11.0,11.4,12.1,8.2
56013,"Fremont County, WY","47,906",7.0,15.1,10.1,21.5,6.0
51680,"Lynchburg city, VA","37,402",6.1,12.9,10.1,32.3,7.5
51047,"Culpeper County, VA","59,609",4.8,13.1,7.2,21.4,5.7
35027,"Lincoln County, NM","38,896",-10.5,9.2,9.2,26.1,6.5
29069,"Dunklin County, MO","29,976",-4.7,13.7,14.2,10.9,10.4
5133,"Sevier County, AR","32,662",-8.7,16.5,9.4,8.3,8.8
29095,"Jackson County, MO","44,634",-2.4,14.3,8.9,28.0,7.8
18163,"Vanderburgh County, IN","41,784",0.8,12.8,10.3,23.5,7.7
36063,"Niagara County, NY","47,548",-4.0,10.1,10.7,22.9,9.3
37061,"Duplin County, NC","36,075",-0.7,13.2,8.4,10.4,9.1
40063,"Hughes County, OK","30,949",-4.1,11.2,13.9,11.1,8.0
38019,"Cavalier County, ND","56,685",0.8,11.2,17.5,19.0,3.2
20005,"Atchison County, KS","43,253",-0.4,12.3,10.5,19.0,7.7
48229,"Hudspeth County, TX","30,043",-26.3,14.5,4.7,8.4,7.5
32027,"Pershing County, NV","45,192",19.3,9.0,7.8,11.8,9.7
19181,"Warren County, IA","63,310",2.3,11.0,7.8,28.5,4.8
13267,"Tattnall County, GA","37,818",-3.6,13.7,9.1,11.2,8.3
17007,"Boone County, IL","60,433",-12.0,11.4,6.8,19.4,10.4
48137,"Edwards County, TX","34,388",2.5,14.1,11.1,24.3,6.4
8035,"Douglas County, CO","98,426",12.6,11.8,3.5,55.9,6.0
34025,"Monmouth County, NJ","81,190",-4.1,9.9,8.2,42.0,8.7
18007,"Benton County, IN","48,692",-6.2,11.0,8.8,16.4,7.5
4013,"Maricopa County, AZ","51,442",11.4,13.9,6.7,30.0,7.3
54073,"Pleasants County, WV","42,935",0.3,7.5,13.2,13.3,8.7
26045,"Eaton County, MI","55,229",-1.2,10.5,8.5,24.2,6.9
29011,"Barton County, MO","37,460",-5.1,12.3,11.2,15.3,7.4
55135,"Waupaca County, WI","51,503",-3.1,10.3,14.0,16.5,7.6
30071,"Phillips County, MT","38,913",-13.5,10.4,13.0,19.8,6.0
12093,"Okeechobee County, FL","34,742",-7.5,13.5,9.8,10.7,10.0
6107,"Tulare County, CA","40,197",-4.6,17.9,6.3,13.3,16.2
1011,"Bullock County, AL","25,854",-7.0,11.5,11.0,14.1,10.4
29035,"Carter County, MO","29,156",-6.8,10.5,13.0,14.8,9.5
31069,"Garden County, NE","38,142",-32.6,7.4,14.8,22.0,3.2
26037,"Clinton County, MI","59,008",0.7,9.9,7.1,28.7,6.1
23003,"Aroostook County, ME","37,996",-5.6,9.0,12.1,17.0,9.3
13063,"Clayton County, GA","37,594",2.1,15.8,5.3,18.1,12.0
19109,"Kossuth County, IA","51,137",1.7,10.7,11.3,19.4,3.9
42079,"Luzerne County, PA","42,244",2.6,10.0,11.9,21.4,9.8
39107,"Mercer County, OH","52,060",-2.5,12.8,10.4,15.9,5.1
19103,"Johnson County, IA","52,934",13.6,13.2,4.7,51.7,3.7
39047,"Fayette County, OH","42,100",-4.6,13.0,11.8,13.8,8.3
50005,"Caledonia County, VT","42,558",-1.8,9.1,9.9,25.8,6.2
47051,"Franklin County, TN","42,066",-1.8,10.0,11.5,18.7,7.8
39105,"Meigs County, OH","34,978",-2.8,10.7,11.0,11.9,11.6
38091,"Steele County, ND","57,257",-10.2,10.2,9.7,17.4,2.7
54089,"Summers County, WV","29,352",3.3,8.4,12.9,13.0,8.9
42051,"Fayette County, PA","38,740",-2.1,9.9,13.0,13.9,9.9
51081,"Greensville County, VA","36,996",-21.2,8.7,9.7,8.5,8.6
22055,"Lafayette Parish, LA","48,382",5.1,13.8,7.2,29.0,5.0
51029,"Buckingham County, VA","34,415",-8.5,9.0,8.9,11.2,8.5
51093,"Isle of Wight County, VA","64,606",1.4,9.3,9.3,26.1,6.3
22025,"Catahoula Parish, LA","31,389",-4.0,10.8,11.1,11.6,8.9
51750,"Radford city, VA","37,440",-7.5,7.5,6.2,34.9,7.9
35011,"De Baca County, NM","30,895",-16.2,9.6,15.7,11.6,4.3
49005,"Cache County, UT","47,609",-6.4,20.3,4.1,35.9,4.5
48197,"Hardeman County, TX","34,601",-11.4,7.3,10.9,18.9,5.9
31125,"Nance County, NE","44,501",-13.2,14.0,16.7,14.4,3.3
1107,"Pickens County, AL","31,433",-1.3,11.6,12.3,9.6,10.2
45085,"Sumter County, SC","39,014",-0.9,14.6,9.1,18.9,10.7
51061,"Fauquier County, VA","82,957",3.7,11.7,7.3,34.3,5.1
13091,"Dodge County, GA","32,926",-4.5,11.2,11.1,14.4,11.5
5131,"Sebastian County, AR","38,730",0.5,13.8,9.7,19.7,7.8
49045,"Tooele County, UT","61,927",-0.8,16.6,5.4,20.6,6.0
39159,"Union County, OH","63,378",-11.4,11.3,6.0,26.0,5.7
19053,"Decatur County, IA","37,561",-0.5,10.8,10.9,19.2,4.4
37193,"Wilkes County, NC","35,362",0.3,9.7,10.3,12.9,10.4
13149,"Heard County, GA","39,756",-7.9,11.3,10.2,10.4,10.3
18105,"Monroe County, IN","39,309",5.9,9.3,6.1,44.2,7.3
17115,"Macon County, IL","44,889",-6.1,11.9,10.7,23.1,9.9
20089,"Jewell County, KS","34,195",-5.2,7.5,14.0,14.1,4.3
28099,"Neshoba County, MS","34,881",-4.4,14.8,11.1,13.8,8.4
48373,"Polk County, TX","40,254",1.0,10.9,13.2,12.1,8.0
51157,"Rappahannock County, VA","58,276",-5.4,7.3,10.8,32.0,5.4
31081,"Hamilton County, NE","58,433",-6.8,10.9,8.3,24.8,3.3
27125,"Red Lake County, MN","45,228",-11.3,15.0,9.3,16.1,7.2
1035,"Conecuh County, AL","27,110",-9.7,11.1,13.0,8.3,11.9
13163,"Jefferson County, GA","29,316",-26.4,13.3,13.0,9.2,13.2
31057,"Dundy County, NE","40,294",18.7,4.0,20.7,21.8,3.0
13257,"Stephens County, GA","34,384",-0.1,12.1,13.6,15.7,10.5
18109,"Morgan County, IN","52,886",-2.4,10.8,9.1,15.5,8.4
28053,"Humphreys County, MS","22,945",-17.3,14.6,8.5,12.0,19.0
13211,"Morgan County, GA","46,445",-6.3,10.3,9.5,22.3,9.0
22017,"Caddo Parish, LA","40,455",-3.6,15.0,10.2,23.5,7.7
12039,"Gadsden County, FL","35,854",-20.1,12.3,9.5,16.3,10.3
13043,"Candler County, GA","31,703",-12.0,14.2,11.8,15.1,8.7
18075,"Jay County, IN","42,410",-2.2,13.5,10.5,10.2,7.9
40029,"Coal County, OK","33,185",-3.1,10.2,11.9,13.0,7.1
18111,"Newton County, IN","50,129",-3.3,11.0,10.6,9.1,9.6
18009,"Blackford County, IN","38,927",-10.9,11.4,10.9,10.5,11.4
29033,"Carroll County, MO","41,139",-19.5,12.7,12.7,17.0,8.3
24047,"Worcester County, MD","55,875",4.1,9.0,11.4,28.2,12.9
6085,"Santa Clara County, CA","91,195",6.8,12.8,5.1,47.3,7.9
45079,"Richland County, SC","47,606",4.4,12.5,7.0,36.2,8.2
46011,"Brookings County, SD","49,554",13.5,12.1,6.3,41.4,3.9
48145,"Falls County, TX","34,388",-15.6,11.6,11.7,11.4,7.3
49039,"Sanpete County, UT","43,921",-9.5,14.1,6.3,20.3,6.4
45051,"Horry County, SC","40,249",19.4,11.1,9.9,22.9,10.4
39113,"Montgomery County, OH","42,859",-2.5,12.7,10.5,24.8,8.2
12086,"Miami-Dade County, FL","41,311",7.5,12.0,7.0,26.4,8.3
21223,"Trimble County, KY","43,903",0.0,12.5,8.5,13.5,9.0
39057,"Greene County, OH","54,038",2.5,10.7,8.2,36.9,6.9
18157,"Tippecanoe County, IN","43,529",12.2,12.8,6.5,35.2,7.0
18133,"Putnam County, IN","47,161",-5.3,8.8,8.7,15.5,9.9
28021,"Claiborne County, MS","26,152",-48.4,11.2,9.3,16.5,15.4
53061,"Snohomish County, WA","67,068",8.1,12.3,6.5,29.3,7.5
6019,"Fresno County, CA","41,563",-4.0,16.9,6.6,19.5,15.1
45087,"Union County, SC","32,717",-13.4,10.5,13.5,13.6,13.6
37085,"Harnett County, NC","44,998",17.1,14.7,6.9,18.9,10.6
48407,"San Jacinto County, TX","42,160",6.4,10.1,10.2,12.3,8.2
47165,"Sumner County, TN","55,100",9.1,11.8,7.6,24.0,6.5
41037,"Lake County, OR","38,668",-14.4,8.7,9.6,18.3,13.0
35035,"Otero County, NM","38,764",2.6,14.2,8.0,17.2,6.5
5003,"Ashley County, AR","39,276",-9.7,12.2,9.7,12.7,12.3
18029,"Dearborn County, IN","57,465",-6.6,10.6,9.2,18.2,8.9
48231,"Hunt County, TX","42,821",1.0,12.1,9.4,17.4,8.3
24043,"Washington County, MD","52,604",-0.2,11.7,9.5,19.9,7.8
51017,"Bath County, VA","44,524",5.8,6.7,15.3,19.8,5.8
8021,"Conejos County, CO","31,970",-9.8,15.0,9.9,20.2,10.6
27053,"Hennepin County, MN","62,500",5.7,13.6,6.6,46.4,5.2
18145,"Shelby County, IN","49,965",-2.5,11.7,9.5,15.0,8.4
37031,"Carteret County, NC","48,930",7.0,9.5,11.2,24.2,8.9
18087,"LaGrange County, IN","47,870",-7.4,19.5,7.0,10.8,7.1
5063,"Independence County, AR","37,818",0.0,13.0,11.0,14.8,9.2
31017,"Brown County, NE","38,907",-12.7,8.8,11.4,19.6,4.1
51710,"Norfolk city, VA","41,880",2.2,15.8,7.5,25.6,7.6
45047,"Greenwood County, SC","37,187",-1.5,12.7,9.4,23.0,10.1
30039,"Granite County, MT","39,713",-7.5,6.2,10.8,27.5,8.1
31035,"Clay County, NE","48,370",-10.9,10.4,10.8,17.5,3.7
13039,"Camden County, GA","51,638",11.1,15.7,6.3,21.2,8.6
12061,"Indian River County, FL","42,638",13.1,8.9,12.3,26.7,11.0
18123,"Perry County, IN","42,942",-2.5,10.2,10.1,10.4,8.4
39119,"Muskingum County, OH","39,814",-6.0,11.8,11.0,14.6,9.2
26071,"Iron County, MI","34,167",-7.7,8.7,18.0,19.9,9.5
37063,"Durham County, NC","50,889",12.3,15.5,6.1,45.6,7.4
37169,"Stokes County, NC","42,272",-6.9,8.3,10.2,13.6,9.3
24039,"Somerset County, MD","34,454",-10.2,10.5,8.9,15.1,11.3
5037,"Cross County, AR","35,839",-6.3,13.7,13.5,12.4,7.9
25021,"Norfolk County, MA","80,192",5.0,10.6,7.9,49.9,5.7
42133,"York County, PA","55,646",-0.9,11.2,8.4,22.5,7.4
8077,"Mesa County, CO","46,940",-2.3,12.3,8.9,25.2,9.7
13021,"Bibb County, GA","36,198",-2.0,14.9,9.9,23.4,10.5
6075,"San Francisco County, CA","72,093",12.1,10.7,6.8,52.9,6.8
37093,"Hoke County, NC","44,717",7.0,19.3,6.0,18.4,10.7
37055,"Dare County, NC","51,900",4.3,11.2,8.9,29.4,12.4
21071,"Floyd County, KY","31,061",-16.4,13.7,13.2,12.8,11.6
38105,"Williams County, ND","79,265",79.6,17.4,9.1,19.1,1.1
53045,"Mason County, WA","48,539",-3.3,10.8,10.5,17.9,10.9
17147,"Piatt County, IL","63,656",-10.7,10.6,10.7,26.6,6.9
48005,"Angelina County, TX","39,747",-2.2,14.2,9.4,15.3,6.9
20001,"Allen County, KS","37,952",-0.4,11.7,14.4,16.1,7.2
34029,"Ocean County, NJ","59,022",0.3,13.7,12.1,26.3,10.6
20099,"Labette County, KS","36,715",-10.4,13.0,12.7,20.1,8.0
22079,"Rapides Parish, LA","41,036",-2.9,13.4,10.4,18.2,7.0
13239,"Quitman County, GA","28,675",-14.0,11.1,16.9,7.2,9.5
51079,"Greene County, VA","59,718",2.0,12.5,7.0,24.5,5.6
31105,"Kimball County, NE","42,545",4.7,10.5,16.6,15.9,3.3
13249,"Schley County, GA","39,105",-5.8,9.5,7.9,14.1,10.4
34009,"Cape May County, NJ","55,175",0.5,10.0,13.0,29.2,15.4
47181,"Wayne County, TN","32,016",-1.4,9.3,9.3,8.2,9.5
51015,"Augusta County, VA","49,773",-1.6,9.6,8.8,21.2,5.8
45071,"Newberry County, SC","38,808",2.0,11.1,12.0,17.8,8.8
19031,"Cedar County, IA","57,084",-3.9,9.7,9.3,20.8,4.5
31109,"Lancaster County, NE","50,478",5.1,13.8,6.6,36.2,3.6
55137,"Waushara County, WI","42,791",-3.4,9.7,11.5,15.2,8.8
39063,"Hancock County, OH","49,866",4.5,11.8,8.8,24.9,6.4
5017,"Chicot County, AR","26,911",-18.9,14.7,13.7,11.3,11.4
54035,"Jackson County, WV","39,352",-0.4,10.8,11.5,16.2,8.5
26061,"Houghton County, MI","35,758",-1.7,10.2,9.5,29.6,9.0
28101,"Newton County, MS","33,333",0.6,13.9,10.8,15.8,8.0
8087,"Morgan County, CO","44,577",-12.7,15.1,9.6,13.9,6.8
31043,"Dakota County, NE","46,582",-16.6,18.4,6.5,11.9,5.8
21039,"Carlisle County, KY","41,990",-3.0,14.5,12.7,13.1,8.0
39009,"Athens County, OH","33,950",-9.2,8.7,7.0,28.8,8.5
13269,"Taylor County, GA","30,266",-10.8,11.2,9.8,10.1,13.4
30067,"Park County, MT","40,399",6.6,8.3,9.6,33.4,7.0
48445,"Terry County, TX","34,928",-7.6,15.8,10.7,12.8,6.5
41017,"Deschutes County, OR","48,591",8.4,10.4,8.2,31.3,11.3
41057,"Tillamook County, OR","43,558",-3.3,9.9,11.0,19.5,9.7
48473,"Waller County, TX","47,015",-1.2,12.8,5.9,18.4,7.0
51021,"Bland County, VA","42,843",-5.2,7.3,13.8,14.2,7.0
21219,"Todd County, KY","37,631",9.7,15.6,9.8,10.2,7.6
6091,"Sierra County, CA","45,157",-6.8,6.8,10.1,19.0,14.4
30111,"Yellowstone County, MT","49,405",7.9,13.4,8.8,28.7,4.6
41023,"Grant County, OR","37,177",-7.9,8.1,11.7,19.5,14.0
13177,"Lee County, GA","63,338",-2.9,13.2,5.9,22.3,7.7
39067,"Harrison County, OH","39,801",-3.8,10.4,13.1,9.5,8.5
28093,"Marshall County, MS","33,423",-6.9,12.7,11.4,11.3,10.9
48171,"Gillespie County, TX","51,132",9.7,9.4,13.5,33.3,4.7
48139,"Ellis County, TX","58,016",4.1,12.3,7.3,21.2,6.8
50017,"Orange County, VT","49,747",-4.7,9.5,8.2,31.6,4.7
38081,"Sargent County, ND","56,119",27.3,7.8,9.1,20.1,2.7
35017,"Grant County, NM","35,842",-1.4,11.2,12.8,25.6,6.7
51117,"Mecklenburg County, VA","37,435",-23.9,9.8,13.8,15.2,9.4
51161,"Roanoke County, VA","58,550",0.9,8.6,10.3,34.0,5.2
19157,"Poweshiek County, IA","50,883",-6.3,9.8,12.6,25.4,4.9
26157,"Tuscola County, MI","42,165",-13.1,9.7,9.4,13.5,10.6
47135,"Perry County, TN","31,493",-1.1,11.6,12.0,12.7,9.8
13153,"Houston County, GA","54,307",6.7,14.5,6.9,23.2,8.0
48431,"Sterling County, TX","51,059",22.0,9.3,13.6,26.6,3.5
20075,"Hamilton County, KS","43,380",-1.9,18.9,11.7,13.1,2.7
20069,"Gray County, KS","55,780",-29.2,14.8,6.6,20.2,3.1
38051,"McIntosh County, ND","40,068",8.7,8.0,20.0,18.1,3.2
13061,"Clay County, GA","26,957",-19.8,13.7,12.1,6.9,12.5
16053,"Jerome County, ID","43,384",-8.9,17.5,6.0,13.3,6.5
50025,"Windham County, VT","49,098",-4.1,9.3,10.7,34.5,5.2
47085,"Humphreys County, TN","42,056",-5.2,11.1,12.0,13.6,9.5
9007,"Middlesex County, CT","74,588",-4.7,8.9,8.6,39.7,7.2
27061,"Itasca County, MN","43,504",1.8,10.4,10.9,21.7,7.8
27081,"Lincoln County, MN","43,959",-8.1,11.4,12.3,19.6,4.7
51153,"Prince William County, VA","93,011",12.8,15.7,3.5,38.1,5.3
46071,"Jackson County, SD","38,582",-5.1,23.1,13.6,20.2,7.0
50015,"Lamoille County, VT","49,256",6.6,10.1,7.1,35.3,6.4
39061,"Hamilton County, OH","46,952",-2.0,13.8,9.5,34.3,7.4
19035,"Cherokee County, IA","48,794",-3.0,11.4,14.3,20.5,4.3
1133,"Winston County, AL","32,663",-4.0,9.4,12.3,11.1,10.0
21061,"Edmonson County, KY","36,039",-9.4,8.2,10.0,11.6,10.0
19145,"Page County, IA","45,205",-10.1,11.3,13.7,18.3,5.4
36043,"Herkimer County, NY","45,137",-2.4,10.1,10.0,21.3,8.8
42039,"Crawford County, PA","41,756",-5.2,10.5,10.2,19.6,7.6
19113,"Linn County, IA","57,663",1.0,12.9,7.7,31.7,5.2
48247,"Jim Hogg County, TX","34,546",-12.1,18.9,8.9,13.0,6.6
21171,"Monroe County, KY","28,516",-3.4,12.1,15.0,11.7,7.2
47133,"Overton County, TN","33,220",0.9,11.8,12.4,13.2,8.9
46097,"Miner County, SD","46,311",-4.3,10.0,17.3,24.5,3.7
35013,"Doa Ana County, NM","37,230",-1.2,14.7,7.0,27.4,7.3
22071,"Orleans Parish, LA","33,948",19.6,12.9,8.2,34.4,7.9
22015,"Bossier Parish, LA","52,725",16.9,15.2,7.7,25.1,5.8
35019,"Guadalupe County, NM","29,659",-7.6,7.6,7.2,12.8,10.0
37145,"Person County, NC","42,546",-8.3,9.6,9.9,14.0,11.0
37081,"Guilford County, NC","43,299",6.8,12.2,7.7,33.7,9.5
41069,"Wheeler County, OR","33,973",8.5,6.4,19.8,16.1,6.9
29189,"St. Louis County, MO","56,409",-1.6,11.8,9.3,41.4,6.5
4015,"Mohave County, AZ","34,966",6.1,9.2,12.7,12.2,11.0
21227,"Warren County, KY","42,514",8.4,12.9,7.9,27.3,6.9
39051,"Fulton County, OH","50,658",-2.5,10.7,8.8,16.7,7.7
47063,"Hamblen County, TN","36,787",-3.4,12.1,10.7,16.1,9.4
42053,"Forest County, PA","34,693",-3.9,5.0,11.9,9.2,9.8
39095,"Lucas County, OH","40,759",-9.1,12.9,9.8,24.2,8.3
37059,"Davie County, NC","49,984",-1.0,9.7,9.7,25.6,9.1
42111,"Somerset County, PA","44,184",-1.1,9.0,11.2,14.9,8.9
36017,"Chenango County, NY","42,747",-5.1,10.1,10.9,17.2,8.6
35053,"Socorro County, NM","32,809",-19.0,11.6,9.9,19.2,7.0
48067,"Cass County, TX","36,172",-6.9,11.5,12.8,12.7,9.2
18057,"Hamilton County, IN","88,429",13.8,13.3,4.8,55.6,5.3
6101,"Sutter County, CA","46,524",-9.5,14.0,7.7,18.5,16.8
48465,"Val Verde County, TX","39,864",-11.2,17.8,6.7,16.3,7.6
51740,"Portsmouth city, VA","41,699",2.2,16.2,10.7,19.5,8.8
20037,"Crawford County, KS","35,365",1.6,12.8,11.0,28.9,6.6
17093,"Kendall County, IL","84,816",2.2,14.3,4.1,34.3,8.4
40055,"Greer County, OK","33,761",-11.0,8.9,12.8,13.2,5.3
26117,"Montcalm County, MI","41,205",-5.4,11.3,8.6,13.4,10.2
27071,"Koochiching County, MN","43,762",-1.9,8.0,11.4,18.4,8.0
48201,"Harris County, TX","51,298",9.7,15.7,5.4,29.0,6.6
1095,"Marshall County, AL","36,960",1.7,13.7,11.2,16.1,7.8
13223,"Paulding County, GA","59,621",-0.2,13.1,4.9,23.3,8.3
39001,"Adams County, OH","34,955",-6.1,11.7,11.5,9.8,12.6
54029,"Hancock County, WV","37,025",-1.3,9.7,13.5,16.8,9.3
27035,"Crow Wing County, MN","47,061",1.0,11.6,10.2,23.0,7.7
12067,"Lafayette County, FL","34,054",-1.0,9.4,9.1,11.6,5.7
12019,"Clay County, FL","56,359",5.1,10.8,7.7,23.6,7.6
22075,"Plaquemines Parish, LA","49,964",6.5,11.6,7.7,15.4,5.9
26051,"Gladwin County, MI","37,442",-7.7,8.1,13.1,12.5,11.8
29171,"Putnam County, MO","35,217",-2.8,10.9,14.1,15.2,5.9
54013,"Calhoun County, WV","32,922",-2.2,10.1,13.3,8.9,11.1
26073,"Isabella County, MI","38,041",-1.9,8.9,6.2,26.1,7.4
48291,"Liberty County, TX","48,441",0.0,13.5,8.4,8.8,9.6
51660,"Harrisonburg city, VA","35,489",22.3,9.7,5.1,35.6,7.4
39007,"Ashtabula County, OH","37,811",-7.6,10.8,11.6,13.4,9.4
37077,"Granville County, NC","46,303",-0.1,9.4,8.1,17.7,8.0
41003,"Benton County, OR","51,890",3.0,8.5,6.6,51.4,6.0
26125,"Oakland County, MI","63,511",6.4,10.9,8.0,43.7,8.2
25017,"Middlesex County, MA","81,924",7.7,11.3,7.0,51.3,5.4
17099,"LaSalle County, IL","49,431",-4.0,10.3,11.6,16.3,10.0
37013,"Beaufort County, NC","38,256",-4.0,10.5,11.4,17.8,10.6
20013,"Brown County, KS","42,256",-12.7,15.1,13.4,19.6,5.4
27107,"Norman County, MN","45,043",-26.7,9.2,14.3,14.7,5.9
28077,"Lawrence County, MS","35,342",-5.3,12.8,12.0,12.8,10.3
21235,"Whitley County, KY","29,089",-5.0,14.9,12.1,14.5,10.7
31071,"Garfield County, NE","37,292",3.0,4.5,15.0,12.8,3.0
19027,"Carroll County, IA","50,372",-11.5,14.2,12.7,18.2,3.7
28159,"Winston County, MS","32,128",-2.3,10.7,11.7,17.0,11.5
39109,"Miami County, OH","52,622",0.6,11.4,9.9,19.7,7.3
6041,"Marin County, CA","88,654",1.1,9.1,7.3,54.8,6.3
30077,"Powell County, MT","37,323",0.7,8.9,9.7,18.9,6.5
48419,"Shelby County, TX","37,122",10.4,13.0,10.3,13.8,7.3
20073,"Greenwood County, KS","41,382",-22.9,8.7,14.6,15.4,5.6
37067,"Forsyth County, NC","43,049",4.5,12.9,8.5,32.1,8.9
55013,"Burnett County, WI","37,336",-5.8,9.0,11.2,16.8,9.0
30013,"Cascade County, MT","42,192",-5.8,14.5,9.7,25.5,5.6
42065,"Jefferson County, PA","40,876",-1.6,12.0,12.8,14.3,8.3
20167,"Russell County, KS","36,614",1.1,12.3,13.0,23.9,4.1
53043,"Lincoln County, WA","46,603",-6.4,8.2,11.2,19.3,7.3
29045,"Clark County, MO","38,650",-8.7,12.2,12.3,10.9,8.1
48241,"Jasper County, TX","39,219",-12.8,12.4,9.5,10.3,10.6
22121,"West Baton Rouge Parish, LA","47,301",-4.5,13.0,6.7,18.0,6.9
22013,"Bienville Parish, LA","31,732",-5.1,14.9,14.4,12.0,9.0
13241,"Rabun County, GA","37,684",4.2,9.6,10.9,25.8,11.5
8029,"Delta County, CO","41,208",1.9,11.2,10.4,18.9,9.7
8121,"Washington County, CO","43,446",-11.2,8.2,10.6,17.6,4.9
19167,"Sioux County, IA","61,176",0.6,14.7,7.5,24.9,3.5
18049,"Fulton County, IN","44,300",-5.0,11.6,11.1,12.5,8.4
1125,"Tuscaloosa County, AL","41,495",6.1,12.4,8.0,27.7,7.0
20169,"Saline County, KS","45,225",-3.2,13.9,9.5,24.5,5.8
36003,"Allegany County, NY","41,623",-12.3,9.6,9.7,19.1,8.4
20129,"Morton County, KS","52,950",-18.7,13.0,10.2,17.0,3.7
18023,"Clinton County, IN","47,748",-5.9,12.7,11.2,14.3,8.0
51031,"Campbell County, VA","41,193",-1.2,11.0,8.9,18.9,6.5
22097,"St. Landry Parish, LA","34,299",-3.8,15.0,10.8,13.1,8.3
16051,"Jefferson County, ID","50,080",-1.2,18.9,5.3,21.0,6.1
27147,"Steele County, MN","56,940",-11.1,12.1,8.3,24.8,5.4
48039,"Brazoria County, TX","64,883",8.0,14.0,6.1,27.9,6.7
20139,"Osage County, KS","46,706",-9.3,9.6,10.5,20.7,7.3
12095,"Orange County, FL","45,565",19.3,13.2,5.8,30.6,8.2
51650,"Hampton city, VA","47,206",-1.4,13.7,8.1,23.3,8.2
1087,"Macon County, AL","27,709",-32.3,10.0,10.6,19.4,10.7
54069,"Ohio County, WV","37,973",-2.5,11.4,13.5,28.6,6.4
39133,"Portage County, OH","52,249",-3.1,8.5,8.4,25.5,7.3
21001,"Adair County, KY","31,032",-2.2,9.4,9.9,15.6,9.5
17073,"Henry County, IL","53,998",-0.6,10.7,10.6,19.6,7.4
47169,"Trousdale County, TN","41,823",-3.1,11.7,11.5,11.9,8.6
29201,"Scott County, MO","38,105",-1.8,12.9,10.4,14.0,7.0
42011,"Berks County, PA","52,058",-1.6,11.8,8.9,22.7,7.7
40137,"Stephens County, OK","43,405",-4.5,12.3,12.4,17.5,4.9
40047,"Garfield County, OK","45,370",6.1,15.3,10.5,21.5,4.1
48435,"Sutton County, TX","60,695",-21.5,11.1,8.1,17.8,4.7
49017,"Garfield County, UT","41,786",-19.4,12.9,11.0,21.4,9.5
40105,"Nowata County, OK","38,497",0.5,9.7,11.2,13.1,6.8
30027,"Fergus County, MT","40,114",-0.2,9.2,15.1,27.6,5.4
26025,"Calhoun County, MI","40,847",-4.0,12.0,10.8,19.6,8.4
27171,"Wright County, MN","72,216",-1.2,14.4,5.0,27.4,5.9
45077,"Pickens County, SC","39,823",0.1,10.0,9.1,22.4,9.0
17071,"Henderson County, IL","47,047",-21.2,7.7,11.5,14.1,8.0
47041,"DeKalb County, TN","35,688",5.7,12.1,12.5,13.8,9.6
21067,"Fayette County, KY","46,452",7.8,13.3,6.8,40.2,5.8
12065,"Jefferson County, FL","38,244",-20.2,8.7,10.5,17.8,9.2
42043,"Dauphin County, PA","52,096",-0.7,12.6,8.9,28.2,7.4
19187,"Webster County, IA","42,444",-10.4,12.1,13.1,19.1,6.3
27093,"Meeker County, MN","50,174",-9.9,12.4,9.3,18.0,6.6
48045,"Briscoe County, TX","35,983",-53.2,7.4,8.0,20.7,5.4
21003,"Allen County, KY","37,770",1.4,11.9,10.1,13.3,8.0
45033,"Dillon County, SC","29,205",-9.3,13.6,11.3,8.3,14.1
55055,"Jefferson County, WI","54,141",2.8,10.6,7.1,23.3,6.7
8091,"Ouray County, CO","61,657",15.0,7.2,4.0,50.0,9.4
27063,"Jackson County, MN","52,892",10.7,10.2,9.9,18.6,4.5
45057,"Lancaster County, SC","43,479",17.0,11.2,9.7,20.3,11.3
45037,"Edgefield County, SC","42,065",-12.1,6.9,7.7,18.6,9.4
16081,"Teton County, ID","54,231",-15.6,14.9,3.3,38.2,5.9
56027,"Niobrara County, WY","43,712",2.0,7.3,11.7,21.4,3.8
22001,"Acadia Parish, LA","36,923",-1.9,14.2,10.0,9.9,6.0
20017,"Chase County, KS","42,940",-6.2,9.4,12.7,24.7,5.3
13029,"Bryan County, GA","61,561",21.3,16.2,6.9,32.4,8.3
48323,"Maverick County, TX","31,313",-3.3,18.7,6.1,12.1,12.5
46085,"Lyman County, SD","40,874",-15.0,16.6,10.5,19.1,5.9
54093,"Tucker County, WV","35,423",-2.1,8.0,13.0,13.8,8.1
36019,"Clinton County, NY","49,198",-1.1,9.6,8.5,22.4,9.4
19165,"Shelby County, IA","53,135",3.3,10.4,10.9,19.7,3.8
45003,"Aiken County, SC","45,699",5.8,12.0,9.5,24.8,8.6
51810,"Virginia Beach city, VA","61,523",-2.4,14.1,6.2,33.5,5.7
26053,"Gogebic County, MI","34,444",2.1,7.8,14.4,17.6,11.1
22045,"Iberia Parish, LA","42,555",-1.0,13.4,9.1,14.3,6.8
38003,"Barnes County, ND","50,820",-8.2,10.7,12.2,24.3,3.4
12099,"Palm Beach County, FL","51,217",12.9,10.4,9.7,32.8,8.5
40115,"Ottawa County, OK","34,581",9.9,13.4,14.5,13.8,7.9
1091,"Marengo County, AL","31,888",-15.5,12.2,11.0,16.0,10.2
51023,"Botetourt County, VA","60,943",5.7,7.4,9.3,25.4,5.5
13085,"Dawson County, GA","54,503",5.9,9.9,7.8,26.3,8.6
36007,"Broome County, NY","44,709",-3.8,10.5,10.3,26.2,8.7
45041,"Florence County, SC","40,577",0.0,13.3,10.4,21.5,9.7
22023,"Cameron Parish, LA","50,016",-8.3,8.0,5.9,15.7,5.2
51053,"Dinwiddie County, VA","51,131",0.4,11.3,7.7,13.7,7.6
40131,"Rogers County, OK","56,547",3.7,11.4,8.5,23.1,5.0
6001,"Alameda County, CA","70,209",8.7,12.3,6.0,42.1,8.7
19091,"Humboldt County, IA","51,637",-4.2,11.1,12.8,16.6,4.2
19097,"Jackson County, IA","45,885",-0.6,9.9,11.7,14.1,5.5
13131,"Grady County, GA","32,860",2.1,14.8,9.9,12.7,8.6
13179,"Liberty County, GA","41,922",-34.3,26.1,4.7,19.5,8.9
30007,"Broadwater County, MT","45,833",6.1,9.2,9.6,21.3,7.5
36001,"Albany County, NY","57,951",2.9,10.2,9.2,38.7,7.1
49011,"Davis County, UT","69,019",-0.4,18.2,4.7,34.6,4.9
48397,"Rockwall County, TX","85,164",14.7,12.2,6.5,36.7,6.2
51139,"Page County, VA","41,300",-2.0,8.9,11.5,12.4,10.2
34011,"Cumberland County, NJ","46,491",-5.4,13.7,9.0,13.8,13.1
31137,"Phelps County, NE","50,879",5.2,14.5,12.1,23.8,3.0
55113,"Sawyer County, WI","40,228",0.2,10.2,11.7,22.1,10.8
21051,"Clay County, KY","22,834",-4.7,14.1,12.4,9.5,14.0
40143,"Tulsa County, OK","47,371",3.5,15.5,8.7,30.0,5.2
48081,"Coke County, TX","37,891",-12.1,9.0,17.0,17.1,5.1
38059,"Morton County, ND","54,909",8.2,14.2,9.6,25.3,3.6
20137,"Norton County, KS","42,202",-11.9,7.5,8.2,16.0,3.1
13189,"McDuffie County, GA","36,331",-4.4,13.9,8.7,15.3,12.6
6055,"Napa County, CA","65,698",3.6,11.1,8.2,31.9,8.4
22065,"Madison Parish, LA","23,837",13.9,15.8,10.6,11.4,12.1
55033,"Dunn County, WI","47,214",-3.1,9.9,6.5,25.3,6.6
1081,"Lee County, AL","43,182",24.6,11.4,6.0,33.2,6.8
31001,"Adams County, NE","46,902",1.2,12.9,9.2,22.3,3.8
25009,"Essex County, MA","67,408",5.0,11.1,8.1,37.2,7.1
13215,"Muscogee County, GA","43,264",10.7,16.9,8.9,23.7,9.8
20131,"Nemaha County, KS","50,077",0.6,11.0,13.6,21.9,3.6
8073,"Lincoln County, CO","38,098",5.5,8.8,10.3,16.1,6.5
17039,"De Witt County, IL","51,794",-5.6,12.0,9.7,17.4,8.1
1083,"Limestone County, AL","49,616",17.0,11.6,8.3,23.1,6.9
21213,"Simpson County, KY","41,961",12.3,13.8,11.9,13.8,8.5
13219,"Oconee County, GA","75,532",3.9,9.4,5.8,44.6,6.3
17157,"Randolph County, IL","46,817",-9.4,10.3,11.4,12.3,8.4
48153,"Floyd County, TX","34,503",-4.7,12.6,10.9,17.2,6.4
54001,"Barbour County, WV","32,940",14.4,11.6,10.4,12.3,8.3
54083,"Randolph County, WV","36,951",0.7,10.6,12.5,18.1,8.7
9015,"Windham County, CT","54,221",-5.1,10.1,8.3,22.9,9.4
4017,"Navajo County, AZ","34,662",-8.8,15.0,8.5,14.5,14.1
29145,"Newton County, MO","41,623",-2.1,13.5,10.1,18.8,6.2
5099,"Nevada County, AR","32,107",-8.9,10.8,12.9,14.2,7.8
39147,"Seneca County, OH","43,899",-6.6,10.3,11.1,14.7,8.0
48261,"Kenedy County, TX","36,236",22.6,2.3,6.8,14.3,5.1
28071,"Lafayette County, MS","40,696",31.9,11.7,7.8,36.9,7.7
47117,"Marshall County, TN","41,455",0.1,11.5,9.0,13.2,9.4
13187,"Lumpkin County, GA","44,289",2.9,11.7,7.2,27.5,8.4
40149,"Washita County, OK","43,590",3.5,11.7,12.1,17.6,4.0
20171,"Scott County, KS","51,245",-8.6,13.5,12.3,20.0,3.1
5035,"Crittenden County, AR","36,588",-15.2,15.7,9.6,14.6,9.6
13231,"Pike County, GA","51,781",0.1,8.7,9.5,17.3,9.2
40009,"Beckham County, OK","50,342",28.2,15.5,10.8,16.9,3.0
38069,"Pierce County, ND","43,499",23.1,11.8,17.0,15.3,4.3
31117,"McPherson County, NE","41,244",-83.0,7.5,5.7,25.6,3.6
47073,"Hawkins County, TN","36,318",0.8,9.4,12.1,13.0,8.8
13071,"Colquitt County, GA","32,692",-0.3,15.8,10.0,12.9,8.8
37091,"Hertford County, NC","31,861",-4.3,10.1,10.3,14.3,10.8
27045,"Fillmore County, MN","49,370",0.0,11.7,11.7,18.7,5.5
8013,"Boulder County, CO","66,894",10.8,9.8,5.2,58.2,6.2
13197,"Marion County, GA","33,633",-4.8,11.3,10.1,13.4,10.0
32005,"Douglas County, NV","60,869",0.9,6.9,8.9,25.6,11.5
17161,"Rock Island County, IL","49,875",-0.5,12.9,10.6,21.7,8.0
12023,"Columbia County, FL","37,091",7.5,11.6,10.8,14.1,8.8
40059,"Harper County, OK","47,375",0.8,11.9,13.2,17.9,3.2
42127,"Wayne County, PA","44,265",-6.1,8.0,11.4,19.6,8.0
37149,"Polk County, NC","41,719",4.3,6.7,12.8,30.0,8.5
39149,"Shelby County, OH","53,390",-6.8,12.8,8.1,15.6,7.3
47055,"Giles County, TN","38,251",-10.4,9.8,11.9,14.6,8.4
8099,"Prowers County, CO","36,580",-11.0,14.8,10.4,13.9,7.0
20031,"Coffey County, KS","50,826",-0.9,10.3,11.3,19.7,7.0
16083,"Twin Falls County, ID","41,499",-0.8,15.2,8.5,16.9,6.9
29183,"St. Charles County, MO","70,456",4.3,12.0,6.4,35.5,5.6
13047,"Catoosa County, GA","46,600",-1.9,12.0,8.3,18.5,7.5
23011,"Kennebec County, ME","45,779",-1.6,9.9,9.8,23.9,7.2
17193,"White County, IL","42,911",-1.0,10.9,14.3,13.5,7.6
22005,"Ascension Parish, LA","65,271",10.9,13.8,5.6,25.8,6.1
48249,"Jim Wells County, TX","43,696",5.4,14.4,9.3,10.7,6.2
34031,"Passaic County, NJ","58,073",-6.5,14.0,6.9,26.2,11.1
18183,"Whitley County, IN","52,081",-2.4,11.1,9.3,18.1,8.0
51001,"Accomack County, VA","36,957",0.6,13.8,12.8,18.3,7.9
19007,"Appanoose County, IA","38,685",-11.3,13.3,13.1,18.4,6.5
13295,"Walker County, GA","36,628",-5.6,10.7,10.1,14.3,9.0
34019,"Hunterdon County, NJ","103,301",-6.7,7.3,6.4,48.3,6.8
55079,"Milwaukee County, WI","42,434",-3.0,15.0,8.4,28.7,8.6
17027,"Clinton County, IL","60,498",-5.5,11.4,8.9,20.1,6.6
41029,"Jackson County, OR","44,392",5.3,11.0,10.8,25.1,11.1
25027,"Worcester County, MA","62,318",1.0,10.8,8.1,34.1,7.2
36035,"Fulton County, NY","43,918",-3.5,10.1,11.3,15.7,11.0
40019,"Carter County, OK","45,787",-1.4,13.0,12.2,18.2,5.5
32013,"Humboldt County, NV","63,772",17.0,16.4,8.2,12.4,6.6
23015,"Lincoln County, ME","50,379",0.8,8.0,12.1,32.3,7.3
5055,"Greene County, AR","38,771",8.1,13.4,10.6,14.9,8.7
46069,"Hyde County, SD","50,469",22.6,10.6,11.3,17.6,3.5
51177,"Spotsylvania County, VA","77,298",4.3,12.4,6.3,28.3,6.1
27103,"Nicollet County, MN","58,882",-3.8,11.5,6.1,32.3,4.6
31033,"Cheyenne County, NE","50,466",5.5,12.1,9.1,23.8,2.8
47175,"Van Buren County, TN","35,201",18.6,8.4,10.0,12.4,11.5
1047,"Dallas County, AL","27,400",-12.8,13.6,11.7,14.5,12.9
40095,"Marshall County, OK","36,096",4.3,12.6,12.5,14.2,5.8
55077,"Marquette County, WI","43,423",-7.5,9.1,9.8,13.0,8.8
19169,"Story County, IA","51,291",4.5,9.9,4.8,48.5,3.6
49051,"Wasatch County, UT","62,014",26.1,15.2,4.3,34.4,5.8
55125,"Vilas County, WI","39,025",1.1,8.2,13.8,24.9,10.0
26145,"Saginaw County, MI","40,421",-4.5,12.0,10.1,20.1,9.2
4009,"Graham County, AZ","41,080",-10.3,14.2,7.3,13.6,8.5
47037,"Davidson County, TN","44,864",13.3,15.1,7.7,36.5,6.2
36077,"Otsego County, NY","47,318",-2.1,8.3,9.7,27.2,7.9
54105,"Wirt County, WV","36,999",4.5,9.7,10.8,10.9,11.0
27017,"Carlton County, MN","50,049",-6.1,11.0,9.8,22.3,6.9
12053,"Hernando County, FL","37,093",5.3,8.3,14.3,15.7,10.6
39059,"Guernsey County, OH","38,353",-1.2,11.4,10.8,13.2,9.0
21095,"Harlan County, KY","27,137",-14.9,13.8,14.7,11.1,14.1
32023,"Nye County, NV","41,426",-2.0,8.8,15.5,13.4,14.5
13199,"Meriwether County, GA","35,312",-14.9,13.2,10.6,9.3,12.0
55069,"Lincoln County, WI","48,766",2.0,9.5,11.4,15.2,9.1
47161,"Stewart County, TN","41,685",8.3,9.8,11.6,12.4,11.0
29015,"Benton County, MO","32,409",5.7,6.8,14.7,11.8,9.1
21085,"Grayson County, KY","35,126",1.5,13.4,13.0,9.1,10.3
28113,"Pike County, MS","32,196",-11.2,14.6,12.1,16.3,10.5
13169,"Jones County, GA","51,941",-6.0,10.9,9.1,18.5,8.5
53003,"Asotin County, WA","42,364",-2.0,10.5,11.0,18.5,7.8
48169,"Garza County, TX","39,988",-23.7,8.8,6.9,8.9,5.0
13265,"Taliaferro County, GA","27,124",-11.2,7.1,14.2,8.3,14.2
17003,"Alexander County, IL","28,933",-38.4,12.9,10.4,7.7,11.9
16087,"Washington County, ID","36,767",-7.6,9.1,12.1,14.4,8.4
41009,"Columbia County, OR","53,250",-4.3,9.0,8.6,17.1,10.7
19149,"Plymouth County, IA","58,885",-0.4,11.1,10.2,20.0,4.1
22027,"Claiborne Parish, LA","32,678",-3.2,10.6,11.3,13.0,7.4
48047,"Brooks County, TX","26,857",-10.0,18.3,11.1,11.0,8.7
46043,"Douglas County, SD","49,476",-2.4,10.1,16.5,18.1,3.4
18003,"Allen County, IN","48,795",-0.8,14.5,8.1,26.6,8.4
17013,"Calhoun County, IL","47,131",-11.2,10.2,11.8,14.4,10.0
51700,"Newport News city, VA","46,794",-8.6,16.1,7.8,24.1,7.5
29097,"Jasper County, MO","37,743",-0.8,14.6,9.4,21.0,5.9
54021,"Gilmer County, WV","32,912",1.9,7.5,9.8,16.6,7.8
55093,"Pierce County, WI","60,321",-8.2,9.8,5.9,26.3,5.5
46061,"Hanson County, SD","60,052",-6.2,13.3,5.6,24.8,4.6
5085,"Lonoke County, AR","51,212",3.5,13.7,8.7,18.7,6.4
46015,"Brule County, SD","47,417",-3.2,15.7,13.4,21.4,3.6
6043,"Mariposa County, CA","43,166",-15.5,7.8,8.7,22.4,12.2
13235,"Pulaski County, GA","35,847",-11.9,8.1,8.2,11.0,9.0
48025,"Bee County, TX","39,070",1.0,11.8,7.3,8.9,7.0
18013,"Brown County, IN","49,837",0.3,8.2,10.2,21.2,8.0
35006,"Cibola County, NM","34,783",-8.2,13.6,8.3,11.7,8.6
36037,"Genesee County, NY","50,476",-3.6,10.1,9.9,20.2,7.9
27129,"Renville County, MN","50,502",-9.2,13.0,13.1,15.6,6.8
23017,"Oxford County, ME","41,280",-3.1,8.8,10.7,18.8,9.7
18115,"Ohio County, IN","49,301",0.2,8.7,8.4,12.8,8.9
42059,"Greene County, PA","42,819",-7.5,10.6,11.8,17.0,7.3
48075,"Childress County, TX","34,731",10.3,9.9,10.3,20.0,4.4
26147,"St. Clair County, MI","44,994",-6.0,10.1,10.1,17.3,11.8
26063,"Huron County, MI","40,459",-3.9,8.2,13.9,14.1,8.1
53077,"Yakima County, WA","43,428",-8.4,16.7,7.4,15.9,10.6
21077,"Gallatin County, KY","43,469",-8.5,12.1,12.1,9.9,9.3
21093,"Hardin County, KY","48,852",0.6,14.0,7.6,22.2,8.2
18065,"Henry County, IN","41,565",0.5,9.5,12.0,15.0,10.1
27023,"Chippewa County, MN","49,545",-16.2,12.6,12.6,17.6,5.3
29139,"Montgomery County, MO","39,493",-18.8,11.7,12.8,12.1,7.9
27059,"Isanti County, MN","58,318",-5.0,11.7,8.1,17.1,7.0
32003,"Clark County, NV","49,583",7.7,13.2,7.0,22.2,11.3
21197,"Powell County, KY","31,826",-12.3,13.7,12.8,13.6,10.9
49049,"Utah County, UT","58,167",-0.6,21.6,3.9,36.9,5.0
1115,"St. Clair County, AL","50,989",6.3,12.6,9.5,15.5,6.9
40075,"Kiowa County, OK","36,329",-6.8,13.8,14.2,18.5,4.7
51143,"Pittsylvania County, VA","42,236",-3.6,8.8,10.9,14.0,7.8
16039,"Elmore County, ID","42,391",-9.1,18.1,6.7,17.0,7.5
16011,"Bingham County, ID","46,816",-17.6,16.3,7.4,17.1,6.4
6017,"El Dorado County, CA","68,446",-2.9,8.8,7.9,32.1,10.2
37011,"Avery County, NC","34,727",-5.3,7.4,10.7,20.1,10.6
29133,"Mississippi County, MO","28,412",2.4,13.8,13.1,10.1,7.9
55075,"Marinette County, WI","43,064",2.0,8.8,12.1,13.9,8.3
36059,"Nassau County, NY","92,543",0.2,10.5,8.0,42.3,7.0
30097,"Sweet Grass County, MT","43,193",1.4,7.3,9.5,27.8,3.9
26065,"Ingham County, MI","43,864",-2.2,11.5,6.8,36.5,7.8
40039,"Custer County, OK","44,842",20.6,17.0,9.5,27.3,3.6
18043,"Floyd County, IN","53,367",1.7,11.9,9.7,24.3,7.1
18127,"Porter County, IN","63,879",-1.6,11.1,8.2,26.4,7.6
48485,"Wichita County, TX","43,791",3.3,13.6,9.9,20.8,6.1
23001,"Androscoggin County, ME","43,692",-2.2,12.3,9.5,19.9,7.7
36021,"Columbia County, NY","52,891",0.7,8.5,10.3,28.5,7.0
32510,"Carson City, NV","48,227",-4.5,10.1,12.1,20.4,11.7
51036,"Charles City County, VA","47,828",-8.9,8.0,10.0,11.8,7.8
38103,"Wells County, ND","48,422",14.0,10.4,16.1,19.7,4.0
18091,"LaPorte County, IN","46,127",-1.2,11.7,10.4,17.1,9.8
28091,"Marion County, MS","31,334",-13.1,12.7,12.7,12.3,10.2
13117,"Forsyth County, GA","87,380",19.9,11.9,4.9,44.6,6.6
47053,"Gibson County, TN","35,807",-3.8,12.9,13.1,15.4,10.3
47023,"Chester County, TN","40,064",-5.4,10.5,9.7,15.6,7.8
18081,"Johnson County, IN","61,671",8.3,12.8,8.8,27.3,7.0
20117,"Marshall County, KS","44,693",3.8,12.8,12.3,15.7,4.2
33007,"Coos County, NH","40,162",-11.3,6.9,12.1,17.8,7.4
40027,"Cleveland County, OK","54,036",10.9,11.6,6.7,31.0,4.1
50009,"Essex County, VT","35,207",-14.8,7.5,8.8,14.1,8.0
48097,"Cooke County, TX","51,473",4.4,13.5,10.7,20.5,5.0
48041,"Brazos County, TX","40,064",5.7,13.0,4.4,38.3,5.3
36053,"Madison County, NY","48,220",-8.1,9.9,8.3,27.2,8.5
16079,"Shoshone County, ID","37,294",9.4,8.8,15.1,13.7,13.1
36005,"Bronx County, NY","32,510",1.0,15.5,6.4,18.3,12.4
47097,"Lauderdale County, TN","31,672",-1.6,10.7,9.7,10.1,10.9
37175,"Transylvania County, NC","40,642",4.5,7.8,11.2,29.0,8.7
21191,"Pendleton County, KY","46,663",-7.1,9.9,10.9,12.6,8.8
51097,"King and Queen County, VA","45,090",4.6,9.0,10.3,16.8,6.6
5027,"Columbia County, AR","35,024",-11.5,12.1,12.9,21.3,9.0
21035,"Calloway County, KY","37,478",9.8,10.5,10.2,27.5,7.1
17019,"Champaign County, IL","46,708",0.8,11.9,5.6,42.5,7.3
37009,"Ashe County, NC","34,080",0.7,9.2,11.8,18.6,10.4
48313,"Madison County, TX","36,579",-2.1,11.0,9.2,10.0,7.1
20059,"Franklin County, KS","48,895",-3.8,12.5,9.7,21.0,7.3
13205,"Mitchell County, GA","30,020",-17.2,12.7,9.5,11.1,8.9
22063,"Livingston Parish, LA","52,865",6.0,13.7,7.0,17.3,6.4
40003,"Alfalfa County, OK","43,892",5.1,10.1,12.0,20.3,2.8
18055,"Greene County, IN","42,684",-1.9,10.8,11.4,13.2,10.5
41033,"Josephine County, OR","35,109",5.3,9.4,14.0,17.3,12.2
28049,"Hinds County, MS","34,786",-6.6,13.9,8.1,27.5,8.8
19177,"Van Buren County, IA","42,183",-8.7,12.2,12.0,14.0,5.8
28043,"Grenada County, MS","32,677",0.5,13.6,13.3,14.2,9.2
13165,"Jenkins County, GA","29,525",112.7,11.7,15.2,12.3,13.7
53057,"Skagit County, WA","52,886",-1.6,12.3,9.4,24.5,9.7
51610,"Falls Church city, VA","121,250",26.4,11.8,5.4,75.1,4.0
27139,"Scott County, MN","86,324",8.6,14.6,4.1,38.3,5.0
16009,"Benewah County, ID","40,069",-5.0,11.7,11.7,13.3,12.2
22093,"St. James Parish, LA","46,626",-12.2,13.5,8.2,13.4,10.1
38005,"Benson County, ND","36,435",-0.7,23.2,10.0,12.5,7.0
48147,"Fannin County, TX","43,183",-5.0,9.0,12.2,15.6,7.1
48423,"Smith County, TX","46,305",5.0,13.9,9.1,25.2,7.0
54099,"Wayne County, WV","37,705",-5.9,9.2,10.6,12.6,7.6
31031,"Cherry County, NE","42,043",-0.5,11.3,10.8,20.4,2.9
1029,"Cleburne County, AL","38,235",-4.3,12.3,10.7,10.6,8.2
22085,"Sabine Parish, LA","37,440",-5.8,13.1,11.3,13.8,7.0
30041,"Hill County, MT","41,194",-9.5,18.4,8.6,23.5,5.8
1041,"Crenshaw County, AL","33,648",3.2,10.6,12.0,12.5,8.3
46041,"Dewey County, SD","33,976",6.0,27.6,9.2,14.9,16.0
41051,"Multnomah County, OR","51,580",8.4,12.5,7.1,40.3,7.6
47131,"Obion County, TN","38,718",-10.1,11.9,13.6,15.4,13.4
51169,"Scott County, VA","36,566",0.1,9.4,13.7,11.6,7.5
18071,"Jackson County, IN","46,573",0.1,12.1,10.4,14.4,7.5
51830,"Williamsburg city, VA","44,256",28.9,6.0,6.2,48.6,8.3
34023,"Middlesex County, NJ","77,044",-0.3,12.2,6.7,40.7,8.6
8055,"Huerfano County, CO","31,574",12.7,8.9,16.0,28.9,14.2
28105,"Oktibbeha County, MS","32,132",15.7,11.7,5.9,42.6,8.4
48309,"McLennan County, TX","40,855",0.4,14.4,8.2,22.1,6.6
6105,"Trinity County, CA","35,162",-11.9,8.3,10.7,22.0,14.6
21057,"Cumberland County, KY","27,049",0.1,11.9,13.5,12.2,10.8
18073,"Jasper County, IN","54,092",-0.9,12.1,9.0,15.3,8.1
28031,"Covington County, MS","32,932",-3.2,14.7,13.5,14.5,8.5
4019,"Pima County, AZ","44,745",1.9,11.9,8.8,30.1,7.4
56033,"Sheridan County, WY","50,310",7.7,11.3,9.7,28.9,6.2
40107,"Okfuskee County, OK","31,556",-0.2,14.6,13.9,10.5,7.6
48335,"Mitchell County, TX","37,395",-8.4,10.8,9.2,9.9,6.0
17025,"Clay County, IL","40,573",-2.8,12.9,10.9,13.5,9.6
1065,"Hale County, AL","31,025",-2.9,13.1,10.0,14.0,11.5
51051,"Dickenson County, VA","35,147",-2.5,11.7,13.5,10.2,10.7
31145,"Red Willow County, NE","44,591",-1.2,11.0,10.1,19.6,3.3
28027,"Coahoma County, MS","25,662",-15.0,16.6,11.0,17.8,12.6
39161,"Van Wert County, OH","45,024",-0.5,11.1,10.2,15.4,7.5
53047,"Okanogan County, WA","38,537",-7.0,13.5,10.2,17.0,9.5
41001,"Baker County, OR","37,025",-2.9,11.4,12.6,20.4,10.6
37109,"Lincoln County, NC","47,799",4.3,9.9,8.6,19.9,9.6
51199,"York County, VA","75,316",-2.2,8.9,6.1,42.0,5.8
51173,"Smyth County, VA","36,235",-1.5,10.1,13.1,14.9,9.6
41065,"Wasco County, OR","41,324",6.4,11.9,12.0,18.7,8.4
48495,"Winkler County, TX","48,727",23.1,15.0,10.0,11.1,5.6
55121,"Trempealeau County, WI","48,566",6.2,13.5,9.3,18.1,5.7
30011,"Carter County, MT","35,707",27.0,8.7,17.4,16.4,3.2
21099,"Hart County, KY","31,387",3.3,14.0,10.8,9.8,8.3
27141,"Sherburne County, MN","69,865",-5.8,12.7,4.8,26.2,6.2
37123,"Montgomery County, NC","35,272",-8.9,12.1,9.9,14.9,10.6
47061,"Grundy County, TN","27,915",4.6,12.1,16.3,9.7,10.1
41007,"Clatsop County, OR","43,202",3.4,11.5,9.8,23.6,8.7
1019,"Cherokee County, AL","37,868",2.3,9.4,12.9,13.7,8.0
31141,"Platte County, NE","55,607",-2.4,14.9,7.5,20.6,3.7
51197,"Wythe County, VA","38,533",5.7,10.6,11.7,15.2,7.7
19047,"Crawford County, IA","48,775",-2.2,15.1,8.1,14.3,4.5
55035,"Eau Claire County, WI","47,895",4.9,11.9,7.7,31.1,5.8
13209,"Montgomery County, GA","33,983",-19.8,11.5,8.4,14.4,11.6
20015,"Butler County, KS","58,031",-4.8,11.5,9.4,27.5,6.2
21207,"Russell County, KY","28,174",-3.9,13.1,12.7,12.0,10.3
21097,"Harrison County, KY","38,249",-2.4,11.0,12.1,13.6,7.9
31091,"Hooker County, NE","39,140",-21.9,9.6,21.9,23.6,4.6
36047,"Kings County, NY","44,850",0.8,16.4,6.0,31.6,9.8
48109,"Culberson County, TX","31,430",-40.3,13.6,6.4,11.7,6.1
29049,"Clinton County, MO","55,392",-4.1,10.8,12.5,17.5,7.0
5149,"Yell County, AR","38,322",-6.5,12.8,12.3,11.9,6.7
31135,"Perkins County, NE","52,339",-5.4,11.2,10.9,20.7,2.7
48477,"Washington County, TX","45,657",-0.8,11.2,11.2,23.1,5.6
27161,"Waseca County, MN","52,927",-2.5,11.4,9.2,19.9,5.8
45007,"Anderson County, SC","39,905",2.5,11.5,10.3,19.2,8.9
13119,"Franklin County, GA","35,150",-3.4,12.5,11.4,12.0,11.3
48497,"Wise County, TX","53,927",4.4,12.0,8.6,15.9,6.5
42077,"Lehigh County, PA","53,457",1.6,11.5,9.2,28.1,8.5
47103,"Lincoln County, TN","42,178",1.4,10.7,12.2,16.3,6.1
40035,"Craig County, OK","37,586",-11.8,10.8,14.3,13.9,5.6
49035,"Salt Lake County, UT","58,743",4.6,16.8,5.7,31.3,5.3
20063,"Gove County, KS","47,114",10.6,13.5,11.3,21.7,3.0
18079,"Jennings County, IN","46,023",-3.1,11.4,8.5,10.8,10.3
13125,"Glascock County, GA","35,637",9.4,8.1,15.8,11.4,9.7
17191,"Wayne County, IL","43,662",-0.1,12.7,12.7,12.5,7.7
44003,"Kent County, RI","59,682",-3.3,9.8,10.3,30.1,9.9
48317,"Martin County, TX","47,358",8.7,17.8,7.5,17.3,4.5
38089,"Stark County, ND","63,886",56.3,15.7,8.1,24.3,1.8
48505,"Zapata County, TX","33,462",-9.7,19.3,5.8,9.6,6.3
13069,"Coffee County, GA","32,646",-2.2,13.7,8.5,12.3,11.4
28087,"Lowndes County, MS","36,626",-4.3,13.5,9.3,21.4,9.1
29085,"Hickory County, MO","30,163",-9.2,8.1,16.5,11.2,12.0
12105,"Polk County, FL","41,337",6.9,11.8,9.5,18.6,9.6
54023,"Grant County, WV","38,029",-5.9,9.7,10.5,12.6,8.8
51101,"King William County, VA","62,005",-5.0,11.9,9.3,19.1,6.3
19093,"Ida County, IA","51,014",2.1,10.4,12.5,18.8,4.0
51800,"Suffolk city, VA","61,778",1.4,12.9,8.2,26.1,7.0
8045,"Garfield County, CO","54,088",3.5,14.0,4.5,29.3,8.5
28037,"Franklin County, MS","31,287",-7.6,10.6,13.5,16.7,9.8
20123,"Mitchell County, KS","46,204",6.2,11.1,14.8,22.1,3.0
30087,"Rosebud County, MT","49,212",-9.0,18.0,6.7,22.9,6.8
47111,"Macon County, TN","35,341",-0.3,13.2,11.3,9.0,8.3
51775,"Salem city, VA","47,760",8.8,9.7,12.4,30.7,5.9
1033,"Colbert County, AL","39,771",1.7,11.4,12.2,17.6,8.8
1061,"Geneva County, AL","33,347",7.9,11.4,13.0,11.2,7.6
41063,"Wallowa County, OR","40,554",-20.3,7.1,12.9,25.1,11.5
40135,"Sequoyah County, OK","34,195",-10.3,9.5,11.7,13.1,8.3
13145,"Harris County, GA","63,806",5.5,9.2,6.3,27.8,7.2
29077,"Greene County, MO","40,570",7.4,12.4,9.1,28.7,5.9
30079,"Prairie County, MT","35,991",0.9,14.0,14.0,14.0,4.3
16035,"Clearwater County, ID","38,980",-0.8,8.4,10.9,15.8,12.6
28001,"Adams County, MS","29,940",-7.4,12.2,12.3,17.2,9.9
48023,"Baylor County, TX","33,164",-20.9,11.0,19.2,22.4,5.1
40021,"Cherokee County, OK","35,482",2.0,13.6,9.4,23.9,7.0
48267,"Kimble County, TX","38,378",-12.1,9.4,12.7,16.8,4.9
54067,"Nicholas County, WV","38,681",1.8,11.5,11.4,13.6,9.3
5119,"Pulaski County, AR","44,819",0.4,14.4,8.8,32.0,6.9
40083,"Logan County, OK","51,642",7.6,10.7,7.2,26.5,4.4
48251,"Johnson County, TX","56,659",3.7,12.9,7.7,16.6,6.6
21183,"Ohio County, KY","38,273",0.7,12.4,11.3,8.2,8.7
27027,"Clay County, MN","51,954",-1.4,13.2,7.1,30.5,4.8
23013,"Knox County, ME","46,850",-0.4,8.9,9.9,30.7,6.9
13139,"Hall County, GA","49,636",3.2,13.9,6.9,22.8,7.8
28009,"Benton County, MS","29,037",-7.6,9.2,10.0,8.6,10.6
51025,"Brunswick County, VA","34,621",-3.7,9.0,10.6,13.3,10.1
13095,"Dougherty County, GA","31,065",-9.2,14.6,9.4,17.8,11.3
41027,"Hood River County, OR","53,023",1.0,12.6,8.4,32.0,7.3
39033,"Crawford County, OH","40,493",-10.4,10.6,12.7,12.6,9.1
35031,"McKinley County, NM","29,821",-9.3,17.2,7.4,11.4,9.6
38047,"Logan County, ND","45,334",-12.8,11.2,14.8,14.0,3.1
36105,"Sullivan County, NY","46,102",-2.9,11.3,9.9,21.1,9.1
51690,"Martinsville city, VA","29,550",-2.2,13.6,19.0,16.6,12.8
30023,"Deer Lodge County, MT","36,125",0.1,7.4,14.5,18.6,5.6
29047,"Clay County, MO","58,151",4.2,13.2,7.0,30.7,6.1
12071,"Lee County, FL","46,396",19.8,10.0,9.5,25.3,8.8
48191,"Hall County, TX","28,656",-6.4,11.6,18.8,12.4,7.7
21075,"Fulton County, KY","28,754",-24.0,11.4,15.3,13.2,11.3
19057,"Des Moines County, IA","42,082",4.0,11.4,11.2,20.2,6.1
18063,"Hendricks County, IN","70,886",8.7,11.7,6.4,32.1,6.3
40113,"Osage County, OK","44,528",-5.2,8.5,10.0,16.2,5.8
22101,"St. Mary Parish, LA","37,720",-16.0,13.7,9.6,11.1,7.5
38087,"Slope County, ND","52,645",48.2,9.4,6.7,23.6,2.1
13289,"Twiggs County, GA","36,549",-35.2,12.4,9.4,9.6,14.9
37121,"Mitchell County, NC","36,210",0.8,10.0,12.4,16.4,12.2
45017,"Calhoun County, SC","42,006",-16.2,11.1,10.3,16.8,11.2
36071,"Orange County, NY","65,761",-7.5,13.1,6.5,28.6,7.9
46095,"Mellette County, SD","32,164",-8.2,11.2,13.6,17.5,7.8
48441,"Taylor County, TX","43,181",3.7,15.3,9.5,24.6,5.7
47071,"Hardin County, TN","35,154",5.7,11.6,13.5,12.4,10.1
13109,"Evans County, GA","31,683",-35.6,16.5,10.1,14.5,8.6
19055,"Delaware County, IA","54,718",-5.3,11.3,9.7,14.9,4.5
12091,"Okaloosa County, FL","52,381",28.8,14.3,8.0,28.1,6.7
48409,"San Patricio County, TX","48,287",7.8,14.2,9.5,14.8,7.6
48115,"Dawson County, TX","36,312",-14.7,14.5,9.6,10.1,6.4
21173,"Montgomery County, KY","38,900",0.1,14.4,10.1,17.3,8.8
13159,"Jasper County, GA","41,842",-17.8,13.0,9.5,14.0,9.8
27117,"Pipestone County, MN","47,143",-14.5,12.0,11.9,18.0,5.0
45065,"McCormick County, SC","39,413",-2.6,5.2,11.4,17.7,11.8
17021,"Christian County, IL","43,393",-4.2,10.9,12.0,13.9,9.3
47087,"Jackson County, TN","32,013",3.4,9.5,12.7,9.5,10.5
36079,"Putnam County, NY","92,950",-4.1,8.4,6.3,38.2,7.2
8115,"Sedgwick County, CO","37,633",9.7,8.8,16.0,18.6,7.0
10001,"Kent County, DE","51,695",8.3,13.2,8.3,22.7,7.9
45039,"Fairfield County, SC","34,007",-6.1,10.3,11.2,15.2,13.0
22091,"St. Helena Parish, LA","33,879",0.5,10.7,9.1,8.9,12.1
24041,"Talbot County, MD","61,529",3.8,8.4,10.9,33.4,7.2
21165,"Menifee County, KY","28,459",-13.7,11.8,10.8,11.9,11.6
25013,"Hampden County, MA","48,386",-0.9,11.6,9.0,25.4,8.6
36067,"Onondaga County, NY","52,362",-4.0,11.6,8.8,33.5,7.9
31089,"Holt County, NE","43,861",-7.9,12.9,11.3,20.1,3.2
38001,"Adams County, ND","45,829",14.2,7.3,12.1,23.9,2.9
46075,"Jones County, SD","44,491",-12.0,9.0,10.0,17.3,3.8
29053,"Cooper County, MO","42,857",-0.3,11.1,11.5,19.3,7.2
27127,"Redwood County, MN","48,775",-12.7,11.6,12.1,16.3,5.5
6073,"San Diego County, CA","60,235",4.5,13.9,6.3,35.1,9.1
8069,"Larimer County, CO","56,132",13.0,11.1,6.1,44.1,6.7
51175,"Southampton County, VA","43,846",-6.5,9.3,9.9,14.8,6.3
21107,"Hopkins County, KY","40,076",-3.9,12.0,12.9,13.9,7.7
13143,"Haralson County, GA","39,407",-5.8,11.8,11.5,13.8,10.2
18051,"Gibson County, IN","49,320",-2.0,12.3,9.9,15.0,6.8
54051,"Marshall County, WV","42,395",0.2,8.9,12.3,15.9,8.1
6065,"Riverside County, CA","52,416",5.5,13.4,6.5,20.8,11.6
17183,"Vermilion County, IL","40,709",-8.5,13.2,11.5,13.8,9.3
35043,"Sandoval County, NM","57,376",3.7,10.9,6.6,28.6,7.8
21089,"Greenup County, KY","43,869",-2.1,9.6,11.8,15.7,9.9
16077,"Power County, ID","40,713",-2.3,16.5,7.8,12.5,7.8
22043,"Grant Parish, LA","37,893",-1.7,11.4,9.3,9.4,7.9
48155,"Foard County, TX","32,041",-39.7,11.2,11.2,20.9,5.8
19189,"Winnebago County, IA","49,213",-8.5,10.6,11.1,21.3,5.3
22037,"East Feliciana Parish, LA","42,571",-10.0,10.5,11.9,12.9,7.5
55023,"Crawford County, WI","41,968",-8.4,10.5,11.8,15.3,8.5
40097,"Mayes County, OK","38,724",-3.2,12.0,12.9,15.9,6.1
51127,"New Kent County, VA","68,862",16.2,10.7,6.9,24.6,5.6
1009,"Blount County, AL","44,225",-1.6,12.4,10.3,12.3,6.9
37147,"Pitt County, NC","39,343",7.1,12.6,6.9,28.8,9.1
37103,"Jones County, NC","35,159",3.4,9.8,12.2,13.7,9.9
47065,"Hamilton County, TN","47,369",11.0,12.0,9.7,28.1,6.9
55101,"Racine County, WI","52,164",-5.2,12.5,8.7,23.4,8.4
29137,"Monroe County, MO","39,286",2.1,9.9,10.8,14.0,7.7
31151,"Saline County, NE","48,762",4.2,13.4,10.9,14.3,4.3
27109,"Olmsted County, MN","64,385",-0.4,14.3,6.3,40.2,4.4
36027,"Dutchess County, NY","66,677",-4.7,9.0,8.0,33.4,7.8
6045,"Mendocino County, CA","41,088",-3.8,12.9,9.3,22.5,10.0
54039,"Kanawha County, WV","45,813",0.8,11.8,12.0,24.9,6.6
8001,"Adams County, CO","55,695",9.2,15.2,6.0,21.6,9.4
21027,"Breckinridge County, KY","40,530",-8.6,11.5,12.6,9.4,9.7
48403,"Sabine County, TX","35,805",-13.3,8.8,14.6,12.2,14.6
21013,"Bell County, KY","25,771",-13.4,13.6,13.2,10.2,11.9
29123,"Madison County, MO","33,280",12.3,11.9,14.9,9.9,8.3
46079,"Lake County, SD","50,089",13.8,12.6,10.1,28.4,4.2
31121,"Merrick County, NE","47,236",11.5,9.7,10.5,16.0,3.7
5107,"Phillips County, AR","26,013",-32.4,14.4,14.6,12.9,11.6
34015,"Gloucester County, NJ","72,248",-2.1,10.8,8.2,28.7,10.1
18121,"Parke County, IN","41,311",0.6,10.6,9.0,14.3,10.2
1099,"Monroe County, AL","36,221",-7.6,10.8,12.7,12.5,12.5
6067,"Sacramento County, CA","52,617",1.8,13.6,7.3,28.2,10.5
38099,"Walsh County, ND","47,425",0.3,10.9,11.3,18.1,4.9
28103,"Noxubee County, MS","26,021",-17.0,13.7,9.6,11.2,13.1
53015,"Cowlitz County, WA","47,714",-7.9,11.8,10.3,15.6,10.7
39175,"Wyandot County, OH","46,327",-6.2,11.7,9.9,13.0,6.8
39029,"Columbiana County, OH","42,782",-7.0,10.3,10.8,13.6,8.2
31009,"Blaine County, NE","36,945",49.3,10.3,16.4,15.7,5.3
48223,"Hopkins County, TX","40,228",-1.2,13.1,10.2,15.2,6.5
51683,"Manassas city, VA","65,307",17.6,16.8,4.7,29.1,5.6
29037,"Cass County, MO","56,402",1.1,12.0,8.7,24.0,6.7
16085,"Valley County, ID","46,314",-12.6,8.2,6.1,34.0,11.2
38075,"Renville County, ND","55,232",22.6,12.7,12.7,16.9,2.3
21189,"Owsley County, KY","22,148",-18.5,10.3,18.3,15.5,12.8
29181,"Ripley County, MO","29,942",-7.2,12.1,12.8,10.7,10.5
19085,"Harrison County, IA","50,963",-18.1,10.0,12.0,18.3,5.0
37161,"Rutherford County, NC","34,193",-1.1,10.1,11.7,16.4,13.2
46121,"Todd County, SD","28,943",-12.0,28.9,10.6,13.9,9.7
37195,"Wilson County, NC","37,440",0.2,12.1,9.1,18.4,13.0
48417,"Shackelford County, TX","48,779",6.6,10.1,8.4,24.3,3.5
37113,"Macon County, NC","36,438",0.7,9.5,12.3,22.4,10.6
48007,"Aransas County, TX","40,883",14.1,10.5,14.7,19.5,7.0
51179,"Stafford County, VA","95,927",0.9,12.2,4.4,37.1,5.8
12015,"Charlotte County, FL","44,454",24.7,6.2,13.6,20.9,9.5
4012,"La Paz County, AZ","35,236",-2.3,8.9,10.4,10.2,8.6
29063,"DeKalb County, MO","42,004",-1.8,8.4,9.1,10.9,5.9
24045,"Wicomico County, MD","50,204",1.7,12.3,8.9,27.7,9.4
55099,"Price County, WI","41,344",-6.5,7.9,11.5,16.1,7.5
36041,"Hamilton County, NY","44,957",1.5,7.5,13.9,23.8,10.7
31079,"Hall County, NE","46,641",4.0,15.0,8.6,17.7,4.0
44009,"Washington County, RI","69,150",-1.2,7.3,7.9,43.8,9.7
16049,"Idaho County, ID","36,365",-0.5,9.4,9.9,16.8,10.9
39049,"Franklin County, OH","50,053",7.4,15.2,7.2,36.7,6.4
20209,"Wyandotte County, KS","37,780",0.2,17.2,8.5,15.8,8.4
47069,"Hardeman County, TN","32,556",-10.8,10.4,11.2,9.2,10.9
29205,"Shelby County, MO","38,301",-3.2,14.1,13.8,13.6,6.0
5007,"Benton County, AR","52,717",17.4,14.5,7.2,29.6,6.0
6029,"Kern County, CA","45,599",-3.8,16.7,6.2,15.2,13.1
5021,"Clay County, AR","32,642",-4.8,10.6,16.2,9.8,11.0
35045,"San Juan County, NM","45,901",-7.1,14.4,6.9,15.2,7.1
21031,"Butler County, KY","37,603",2.2,11.5,12.1,8.7,9.0
21025,"Breathitt County, KY","25,831",-11.8,12.1,13.3,11.5,14.5
48163,"Frio County, TX","32,276",19.0,13.2,7.9,7.9,5.0
46017,"Buffalo County, SD","25,179",-2.0,30.1,8.0,8.6,9.7
48095,"Concho County, TX","37,147",-10.7,7.5,7.1,11.8,4.2
55123,"Vernon County, WI","43,823",0.9,13.7,9.3,20.1,6.4
12077,"Liberty County, FL","37,726",3.4,9.2,8.2,13.1,7.9
53013,"Columbia County, WA","41,834",-1.8,6.5,11.5,20.4,8.3
37143,"Perquimans County, NC","42,494",7.9,8.9,10.1,16.7,10.4
27159,"Wadena County, MN","37,577",-3.3,13.1,12.7,12.9,7.8
19025,"Calhoun County, IA","47,044",-14.5,11.6,12.5,18.9,5.5
6087,"Santa Cruz County, CA","65,799",0.4,11.9,6.3,37.5,11.8
27153,"Todd County, MN","46,765",-15.6,13.6,7.8,13.8,5.8
1007,"Bibb County, AL","37,392",-3.8,10.8,10.5,10.2,8.5
31039,"Cuming County, NE","48,122",-5.8,12.4,10.6,18.1,3.1
49029,"Morgan County, UT","75,348",6.9,13.8,4.7,34.5,4.9
21041,"Carroll County, KY","40,473",-13.9,15.3,12.2,11.1,10.2
48503,"Young County, TX","43,248",-3.1,13.3,14.3,17.6,5.7
27173,"Yellow Medicine County, MN","53,266",-12.5,13.2,13.9,17.3,5.0
55063,"La Crosse County, WI","48,129",8.5,10.8,8.2,30.8,5.4
29115,"Linn County, MO","36,602",-5.6,11.0,14.2,12.1,9.2
27005,"Becker County, MN","47,356",4.5,13.0,10.4,21.6,5.8
29125,"Maries County, MO","41,258",-15.9,9.8,10.4,15.3,7.2
48325,"Medina County, TX","51,345",3.6,10.4,7.5,18.8,6.6
40053,"Grant County, OK","45,138",-5.3,9.9,12.3,22.1,3.4
48459,"Upshur County, TX","43,356",4.4,11.7,11.2,14.3,6.7
56019,"Johnson County, WY","51,903",-1.6,10.4,9.1,27.0,5.3
17125,"Mason County, IL","45,314",-6.5,9.0,13.0,13.3,10.0
48395,"Robertson County, TX","39,771",-13.3,12.3,11.4,17.0,8.0
29021,"Buchanan County, MO","41,774",-0.4,13.8,10.9,19.7,6.3
6047,"Merced County, CA","42,552",-4.2,16.5,6.0,13.0,16.3
46077,"Kingsbury County, SD","48,628",12.3,11.3,12.3,23.2,3.6
55105,"Rock County, WI","46,926",-1.9,12.0,8.8,20.0,8.3
38027,"Eddy County, ND","42,908",12.4,11.9,22.6,19.9,5.1
5105,"Perry County, AR","40,119",-3.0,9.9,12.3,14.4,9.1
51033,"Caroline County, VA","54,336",3.7,13.8,7.8,19.3,7.8
54047,"McDowell County, WV","25,246",-13.6,12.6,18.3,5.8,12.1
28155,"Webster County, MS","35,278",-10.2,12.3,12.4,19.0,9.1
28097,"Montgomery County, MS","29,863",-12.6,11.8,15.3,15.7,11.7
13321,"Worth County, GA","35,815",-9.0,11.5,10.1,7.8,10.2
26159,"Van Buren County, MI","44,119",-11.9,12.8,9.5,18.4,10.5
51113,"Madison County, VA","51,094",1.2,8.8,10.6,23.1,4.8
13127,"Glynn County, GA","43,782",6.4,12.1,9.1,26.4,9.5
27121,"Pope County, MN","50,692",-2.5,11.8,11.2,20.6,4.7
51085,"Hanover County, VA","74,660",4.4,8.6,8.4,36.3,5.5
25003,"Berkshire County, MA","46,660",-0.2,9.1,10.8,31.3,7.3
55059,"Kenosha County, WI","54,196",-0.8,11.7,8.3,24.3,8.2
39127,"Perry County, OH","40,590",-8.2,11.2,9.9,11.0,9.8
5071,"Johnson County, AR","34,322",4.9,14.2,9.7,16.3,7.4
47125,"Montgomery County, TN","48,267",31.2,19.4,6.0,24.0,7.6
8037,"Eagle County, CO","69,870",-5.9,13.3,1.9,47.3,7.2
38045,"LaMoure County, ND","55,359",0.0,7.3,10.0,22.1,2.5
17153,"Pulaski County, IL","32,510",-0.8,11.9,15.1,11.2,11.4
29067,"Douglas County, MO","30,550",-5.3,11.7,10.5,9.7,9.8
48481,"Wharton County, TX","40,716",-6.8,13.0,9.7,13.8,6.8
30015,"Chouteau County, MT","39,833",23.7,6.0,9.4,24.4,3.9
13207,"Monroe County, GA","50,594",-1.4,11.3,8.6,19.8,8.6
18113,"Noble County, IN","44,192",-5.1,12.3,9.4,14.2,8.6
18039,"Elkhart County, IN","45,806",-3.0,15.0,8.4,17.9,8.9
20205,"Wilson County, KS","36,879",-14.3,14.4,13.2,12.5,9.9
13217,"Newton County, GA","48,780",-0.5,12.9,7.1,19.4,11.0
21111,"Jefferson County, KY","45,913",3.6,13.5,9.7,30.8,7.9
48117,"Deaf Smith County, TX","39,481",-17.7,17.4,7.4,14.8,4.7
45049,"Hampton County, SC","32,934",-4.0,10.8,9.5,11.1,11.2
17095,"Knox County, IL","40,973",-4.8,10.3,13.1,17.6,8.3
18095,"Madison County, IN","42,707",-6.5,11.4,11.1,17.1,10.0
29027,"Callaway County, MO","44,391",-0.5,11.5,8.7,21.3,6.2
51540,"Charlottesville city, VA","41,031",11.9,12.3,5.6,49.3,5.1
37027,"Caldwell County, NC","35,127",-4.1,10.0,10.3,13.4,11.6
54055,"Mercer County, WV","34,688",0.4,12.9,15.2,19.0,8.4
51059,"Fairfax County, VA","106,690",6.0,13.7,4.2,59.2,4.5
48189,"Hale County, TX","40,118",-11.4,15.3,7.5,14.3,6.9
37179,"Union County, NC","61,260",9.5,11.5,5.6,32.3,7.9
53055,"San Juan County, WA","51,224",4.2,4.9,8.7,45.2,6.4
48063,"Camp County, TX","37,232",5.5,12.5,12.4,14.3,8.0
21127,"Lawrence County, KY","32,114",-3.5,13.8,12.9,11.7,10.6
47045,"Dyer County, TN","38,121",-0.9,13.6,10.8,19.9,11.0
51119,"Middlesex County, VA","48,066",7.3,8.5,16.1,28.3,6.1
1085,"Lowndes County, AL","28,544",-29.7,13.4,10.4,13.2,15.4
13037,"Calhoun County, GA","28,818",-7.4,8.8,10.5,9.4,7.8
47089,"Jefferson County, TN","39,970",7.0,10.3,10.9,15.1,9.4
40067,"Jefferson County, OK","31,684",-15.3,12.7,15.6,11.4,4.9
8101,"Pueblo County, CO","41,209",1.7,11.7,9.8,21.4,10.7
17119,"Madison County, IL","51,736",-4.1,11.9,9.8,24.8,8.8
26059,"Hillsdale County, MI","40,179",-8.1,10.6,9.6,15.6,9.2
12047,"Hamilton County, FL","32,232",7.6,10.1,9.3,10.8,8.9
18021,"Clay County, IN","44,230",-2.7,11.9,10.9,14.2,9.9
28131,"Stone County, MS","41,097",8.1,11.7,11.5,13.1,10.3
12109,"St. Johns County, FL","62,112",27.7,9.1,7.4,41.4,6.5
51109,"Louisa County, VA","54,836",-1.4,11.4,9.0,19.2,6.2
39003,"Allen County, OH","42,173",-8.6,11.6,10.1,17.2,7.7
55095,"Polk County, WI","50,026",-11.2,9.6,8.4,19.2,8.0
34035,"Somerset County, NJ","95,574",0.0,10.4,6.8,52.0,7.4
42107,"Schuylkill County, PA","44,430",0.8,9.9,13.2,14.9,9.7
48293,"Limestone County, TX","36,496",1.3,13.6,10.6,13.6,6.9
37087,"Haywood County, NC","40,022",0.8,9.9,11.9,23.8,9.1
